Id,MSSubClass,MSZoning,LotFrontage,LotArea,LotShape,LandContour,LotConfig,LandSlope,Neighborhood,Condition1,BldgType,HouseStyle,OverallQual,OverallCond,YearBuilt,YearRemodAdd,RoofStyle,Exterior1st,Exterior2nd,MasVnrArea,ExterQual,ExterCond,Foundation,BsmtQual,BsmtCond,BsmtExposure,BsmtFinType1,BsmtFinSF1,BsmtFinType2,BsmtFinSF2,BsmtUnfSF,TotalBsmtSF,HeatingQC,CentralAir,Electrical,1stFlrSF,2ndFlrSF,LowQualFinSF,GrLivArea,BsmtFullBath,BsmtHalfBath,FullBath,HalfBath,BedroomAbvGr,KitchenAbvGr,KitchenQual,TotRmsAbvGrd,Functional,Fireplaces,FireplaceQu,GarageType,GarageYrBlt,GarageFinish,GarageCars,GarageArea,GarageQual,GarageCond,PavedDrive,WoodDeckSF,OpenPorchSF,EnclosedPorch,3SsnPorch,ScreenPorch,PoolArea,MiscVal,MoSold,YrSold,SaleType,SaleCondition,SalePrice,TotalSF,HouseAge,YearsSinceRemodel,QualCond,TotalBsmtBath,TotalBath,HasBasement,IsHomeNew,HasGarage,HasSecondGarage,MultipleExteriorMaterials,HasMasonryVeneer
1,60,RL,65.0,8450,Reg,Lvl,Inside,Gtl,CollgCr,Norm,1Fam,2Story,7,5,2003,2003,Gable,VinylSd,VinylSd,196.0,Gd,TA,PConc,Gd,TA,No,GLQ,706,Unf,0,150,856,Ex,Y,SBrkr,856,854,0,1710,1,0,2,1,3,1,Gd,8,Typ,0,None,Attchd,2003.0,RFn,2,548,TA,TA,Y,0,61,0,0,0,0,0,2,2008,WD,Normal,2.5838238857585236,2566,6,6,35,1.5,2.5,1,0,1,0,0,1
2,20,RL,80.0,9600,Reg,Lvl,FR2,Gtl,Veenker,Feedr,1Fam,1Story,6,8,1976,1976,Gable,MetalSd,MetalSd,0.0,TA,TA,CBlock,Gd,TA,Gd,ALQ,978,Unf,0,284,1262,Ex,Y,SBrkr,1262,0,0,1262,0,1,2,0,3,1,TA,6,Typ,1,TA,Attchd,1976.0,RFn,2,460,TA,TA,Y,298,0,0,0,0,0,0,5,2007,WD,Normal,2.573300271491622,2524,32,32,48,0.0,2.0,1,0,1,0,0,1
3,60,RL,68.0,11250,IR1,Lvl,Inside,Gtl,CollgCr,Norm,1Fam,2Story,7,5,2001,2002,Gable,VinylSd,VinylSd,162.0,Gd,TA,PConc,Gd,TA,Mn,GLQ,486,Unf,0,434,920,Ex,Y,SBrkr,920,866,0,1786,1,0,2,1,3,1,Gd,6,Typ,1,TA,Attchd,2001.0,RFn,2,608,TA,TA,Y,0,42,0,0,0,0,0,9,2008,WD,Normal,2.5890542677300896,2706,8,7,35,1.5,2.5,1,0,1,0,0,1
4,70,RL,60.0,9550,IR1,Lvl,Corner,Gtl,Crawfor,Norm,1Fam,2Story,7,5,1915,1970,Gable,Wd Sdng,Wd Shng,0.0,TA,TA,BrkTil,TA,Gd,No,ALQ,216,Unf,0,540,756,Gd,Y,SBrkr,961,756,0,1717,1,0,1,0,3,1,Gd,7,Typ,1,Gd,Detchd,1998.0,Unf,3,642,TA,TA,Y,0,35,272,0,0,0,0,2,2006,WD,Abnorml,2.5532974946595286,2473,92,37,35,1.5,1.0,1,0,1,0,1,1
5,60,RL,84.0,14260,IR1,Lvl,FR2,Gtl,NoRidge,Norm,1Fam,2Story,8,5,2000,2000,Gable,VinylSd,VinylSd,350.0,Gd,TA,PConc,Gd,TA,Av,GLQ,655,Unf,0,490,1145,Ex,Y,SBrkr,1145,1053,0,2198,1,0,2,1,4,1,Gd,9,Typ,1,TA,Attchd,2000.0,RFn,3,836,TA,TA,Y,192,84,0,0,0,0,0,12,2008,WD,Normal,2.597432944578047,3343,9,9,40,1.5,2.5,1,0,1,0,0,1
6,50,RL,85.0,14115,IR1,Lvl,Inside,Gtl,Mitchel,Norm,1Fam,1.5Fin,5,5,1993,1995,Gable,VinylSd,VinylSd,0.0,TA,TA,Wood,Gd,TA,No,GLQ,732,Unf,0,64,796,Ex,Y,SBrkr,796,566,0,1362,1,0,1,1,1,1,TA,5,Typ,0,None,Attchd,1993.0,Unf,2,480,TA,TA,Y,40,30,0,320,0,0,700,10,2009,WD,Normal,2.5549461768462165,2158,17,15,25,1.5,1.5,1,0,1,0,0,1
7,20,RL,75.0,10084,Reg,Lvl,Inside,Gtl,Somerst,Norm,1Fam,1Story,8,5,2004,2005,Gable,VinylSd,VinylSd,186.0,Gd,TA,PConc,Ex,TA,Av,GLQ,1369,Unf,0,317,1686,Ex,Y,SBrkr,1694,0,0,1694,1,0,2,0,3,1,Gd,7,Typ,1,Gd,Attchd,2004.0,RFn,2,636,TA,TA,Y,255,57,0,0,0,0,0,8,2007,WD,Normal,2.6126111404785974,3380,4,3,40,1.5,2.0,1,0,1,0,0,1
8,60,RL,68.0,10382,IR1,Lvl,Corner,Gtl,NWAmes,PosN,1Fam,2Story,7,6,1973,1973,Gable,HdBoard,HdBoard,240.0,TA,TA,CBlock,Gd,TA,Mn,ALQ,859,BLQ,32,216,1107,Ex,Y,SBrkr,1107,983,0,2090,1,0,2,1,3,1,TA,7,Typ,2,TA,Attchd,1973.0,RFn,2,484,TA,TA,Y,235,204,228,0,0,0,350,11,2009,WD,Normal,2.5806771513187536,3197,37,37,42,1.5,2.5,1,0,1,0,0,1
9,50,RM,51.0,6120,Reg,Lvl,Inside,Gtl,OldTown,Artery,1Fam,1.5Fin,7,5,1931,1950,Gable,BrkFace,Wd Shng,0.0,TA,TA,BrkTil,TA,TA,No,Unf,0,Unf,0,952,952,Gd,Y,FuseF,1022,752,0,1774,0,0,2,0,2,2,TA,8,Min1,2,TA,Detchd,1931.0,Unf,2,468,Fa,TA,Y,90,0,205,0,0,0,0,4,2008,WD,Abnorml,2.547453180483902,2726,78,59,35,0.0,2.0,1,0,1,0,1,1
10,190,RL,50.0,7420,Reg,Lvl,Corner,Gtl,BrkSide,Artery,2fmCon,1.5Unf,5,6,1939,1950,Gable,MetalSd,MetalSd,0.0,TA,TA,BrkTil,TA,TA,No,GLQ,851,Unf,0,140,991,Ex,Y,SBrkr,1077,0,0,1077,1,0,1,0,2,2,TA,5,Typ,2,TA,Attchd,1939.0,RFn,1,205,Gd,TA,Y,0,4,0,0,0,0,0,1,2008,WD,Normal,2.5399035738549975,2068,70,59,30,1.5,1.0,1,0,1,0,0,1
11,20,RL,70.0,11200,Reg,Lvl,Inside,Gtl,Sawyer,Norm,1Fam,1Story,5,5,1965,1965,Hip,HdBoard,HdBoard,0.0,TA,TA,CBlock,TA,TA,No,Rec,906,Unf,0,134,1040,Ex,Y,SBrkr,1040,0,0,1040,1,0,1,0,3,1,TA,5,Typ,0,None,Detchd,1965.0,Unf,1,384,TA,TA,Y,0,0,0,0,0,0,0,2,2008,WD,Normal,2.5472117319455556,2080,44,44,25,1.5,1.0,1,0,1,0,0,1
12,60,RL,85.0,11924,IR1,Lvl,Inside,Gtl,NridgHt,Norm,1Fam,2Story,9,5,2005,2006,Hip,WdShing,Wd Shng,286.0,Ex,TA,PConc,Ex,TA,No,GLQ,998,Unf,0,177,1175,Ex,Y,SBrkr,1182,1142,0,2324,1,0,3,0,4,1,Ex,11,Typ,2,Gd,BuiltIn,2005.0,Fin,3,736,TA,TA,Y,147,21,0,0,0,0,0,7,2006,New,Partial,2.6211335537754037,3499,2,1,45,1.5,3.0,1,1,1,0,1,1
13,20,RL,68.0,12968,IR2,Lvl,Inside,Gtl,Sawyer,Norm,1Fam,1Story,5,6,1962,1962,Hip,HdBoard,Plywood,0.0,TA,TA,CBlock,TA,TA,No,ALQ,737,Unf,0,175,912,TA,Y,SBrkr,912,0,0,912,1,0,1,0,2,1,TA,4,Typ,0,None,Detchd,1962.0,Unf,1,352,TA,TA,Y,140,0,0,0,176,0,0,9,2008,WD,Normal,2.55548746716403,1824,47,47,30,1.5,1.0,1,0,1,0,1,1
14,20,RL,91.0,10652,IR1,Lvl,Inside,Gtl,CollgCr,Norm,1Fam,1Story,7,5,2006,2007,Gable,VinylSd,VinylSd,306.0,Gd,TA,PConc,Gd,TA,Av,Unf,0,Unf,0,1494,1494,Ex,Y,SBrkr,1494,0,0,1494,0,0,2,0,3,1,Gd,7,Typ,1,Gd,Attchd,2006.0,RFn,3,840,TA,TA,Y,160,33,0,0,0,0,0,8,2007,New,Partial,2.605704480777723,2988,2,1,35,0.0,2.0,1,1,1,0,0,1
15,20,RL,68.0,10920,IR1,Lvl,Corner,Gtl,NAmes,Norm,1Fam,1Story,6,5,1960,1960,Hip,MetalSd,MetalSd,212.0,TA,TA,CBlock,TA,TA,No,BLQ,733,Unf,0,520,1253,TA,Y,SBrkr,1253,0,0,1253,1,0,1,1,2,1,TA,5,Typ,1,Fa,Attchd,1960.0,RFn,1,352,TA,TA,Y,0,213,176,0,0,0,0,5,2008,WD,Normal,2.562176860235701,2506,49,49,30,1.5,1.5,1,0,1,0,0,1
16,45,RM,51.0,6120,Reg,Lvl,Corner,Gtl,BrkSide,Norm,1Fam,1.5Unf,7,8,1929,2001,Gable,Wd Sdng,Wd Sdng,0.0,TA,TA,BrkTil,TA,TA,No,Unf,0,Unf,0,832,832,Ex,Y,FuseA,854,0,0,854,0,0,1,0,2,1,TA,5,Typ,0,None,Detchd,1991.0,Unf,2,576,TA,TA,Y,48,112,0,0,0,0,0,7,2007,WD,Normal,2.5487077723404084,1686,79,7,56,0.0,1.0,1,0,1,0,0,1
17,20,RL,68.0,11241,IR1,Lvl,CulDSac,Gtl,NAmes,Norm,1Fam,1Story,6,7,1970,1970,Gable,Wd Sdng,Wd Sdng,180.0,TA,TA,CBlock,TA,TA,No,ALQ,578,Unf,0,426,1004,Ex,Y,SBrkr,1004,0,0,1004,1,0,1,0,2,1,TA,5,Typ,1,TA,Attchd,1970.0,Fin,2,480,TA,TA,Y,0,0,0,0,0,0,700,3,2010,WD,Normal,2.5581345195991068,2008,41,41,42,1.5,1.0,1,0,1,0,0,1
18,90,RL,72.0,10791,Reg,Lvl,Inside,Gtl,Sawyer,Norm,Duplex,1Story,4,5,1967,1967,Gable,MetalSd,MetalSd,0.0,TA,TA,Slab,None,None,None,None,0,None,0,0,0,TA,Y,SBrkr,1296,0,0,1296,0,0,2,0,2,2,TA,6,Typ,0,None,CarPort,1967.0,Unf,2,516,TA,TA,Y,0,0,0,0,0,0,500,10,2006,WD,Normal,2.5183072586530355,1296,40,40,20,0.0,2.0,0,0,1,0,0,1
19,20,RL,66.0,13695,Reg,Lvl,Inside,Gtl,SawyerW,RRAe,1Fam,1Story,5,5,2004,2004,Gable,VinylSd,VinylSd,0.0,TA,TA,PConc,TA,TA,No,GLQ,646,Unf,0,468,1114,Ex,Y,SBrkr,1114,0,0,1114,1,0,1,1,3,1,Gd,6,Typ,0,None,Detchd,2004.0,Unf,2,576,TA,TA,Y,0,102,0,0,0,0,0,6,2008,WD,Normal,2.56315280389369,2228,5,5,25,1.5,1.5,1,0,1,0,0,1
20,20,RL,70.0,7560,Reg,Lvl,Inside,Gtl,NAmes,Norm,1Fam,1Story,5,6,1958,1965,Hip,BrkFace,Plywood,0.0,TA,TA,CBlock,TA,TA,No,LwQ,504,Unf,0,525,1029,TA,Y,SBrkr,1339,0,0,1339,0,0,1,0,3,1,TA,6,Min1,0,None,Attchd,1958.0,Unf,1,294,TA,TA,Y,0,0,0,0,0,0,0,5,2009,COD,Abnorml,2.5527394580430602,2368,52,45,30,0.0,1.0,1,0,1,0,1,1
21,60,RL,101.0,14215,IR1,Lvl,Corner,Gtl,NridgHt,Norm,1Fam,2Story,8,5,2005,2006,Gable,VinylSd,VinylSd,380.0,Gd,TA,PConc,Ex,TA,Av,Unf,0,Unf,0,1158,1158,Ex,Y,SBrkr,1158,1218,0,2376,0,0,3,1,4,1,Gd,9,Typ,1,Gd,BuiltIn,2005.0,RFn,3,853,TA,TA,Y,240,154,0,0,0,0,0,11,2006,New,Partial,2.6168486894954057,3534,2,1,40,0.0,3.5,1,1,1,0,0,1
22,45,RM,57.0,7449,Reg,Bnk,Inside,Gtl,IDOTRR,Norm,1Fam,1.5Unf,7,7,1930,1950,Gable,Wd Sdng,Wd Sdng,0.0,TA,TA,PConc,TA,TA,No,Unf,0,Unf,0,637,637,Ex,Y,FuseF,1108,0,0,1108,0,0,1,0,3,1,Gd,6,Typ,1,Gd,Attchd,1930.0,Unf,1,280,TA,TA,N,0,0,205,0,0,0,0,6,2007,WD,Normal,2.5529631903449066,1745,78,58,49,0.0,1.0,1,0,1,0,0,1
23,20,RL,75.0,9742,Reg,Lvl,Inside,Gtl,CollgCr,Norm,1Fam,1Story,8,5,2002,2002,Hip,VinylSd,VinylSd,281.0,Gd,TA,PConc,Gd,TA,No,Unf,0,Unf,0,1777,1777,Ex,Y,SBrkr,1795,0,0,1795,0,0,2,0,3,1,Gd,7,Typ,1,Gd,Attchd,2002.0,RFn,2,534,TA,TA,Y,171,159,0,0,0,0,0,9,2008,WD,Normal,2.5912046460526774,3572,7,7,40,0.0,2.0,1,0,1,0,0,1
24,120,RM,44.0,4224,Reg,Lvl,Inside,Gtl,MeadowV,Norm,TwnhsE,1Story,5,7,1976,1976,Gable,CemntBd,CmentBd,0.0,TA,TA,PConc,Gd,TA,No,GLQ,840,Unf,0,200,1040,TA,Y,SBrkr,1060,0,0,1060,1,0,1,0,3,1,TA,6,Typ,1,TA,Attchd,1976.0,Unf,2,572,TA,TA,Y,100,110,0,0,0,0,0,6,2007,WD,Normal,2.547453180483902,2100,32,32,35,1.5,1.0,1,0,1,0,1,1
25,20,RL,68.0,8246,IR1,Lvl,Inside,Gtl,Sawyer,Norm,1Fam,1Story,5,8,1968,2001,Gable,Plywood,Plywood,0.0,TA,Gd,CBlock,TA,TA,Mn,Rec,188,ALQ,668,204,1060,Ex,Y,SBrkr,1060,0,0,1060,1,0,1,0,3,1,Gd,6,Typ,1,TA,Attchd,1968.0,Unf,1,270,TA,TA,Y,406,90,0,0,0,0,0,5,2010,WD,Normal,2.5606875484472273,2120,43,10,40,1.5,1.0,1,0,1,0,0,1
26,20,RL,110.0,14230,Reg,Lvl,Corner,Gtl,NridgHt,Norm,1Fam,1Story,8,5,2007,2007,Gable,VinylSd,VinylSd,640.0,Gd,TA,PConc,Gd,TA,No,Unf,0,Unf,0,1566,1566,Ex,Y,SBrkr,1600,0,0,1600,0,0,2,0,3,1,Gd,7,Typ,1,Gd,Attchd,2007.0,RFn,3,890,TA,TA,Y,0,56,0,0,0,0,0,7,2009,WD,Normal,2.599284473100537,3166,3,3,40,0.0,2.0,1,0,1,0,0,1
27,20,RL,60.0,7200,Reg,Lvl,Corner,Gtl,NAmes,Norm,1Fam,1Story,5,7,1951,2000,Gable,Wd Sdng,Wd Sdng,0.0,TA,TA,CBlock,TA,TA,Mn,BLQ,234,Rec,486,180,900,TA,Y,SBrkr,900,0,0,900,0,1,1,0,3,1,Gd,5,Typ,0,None,Detchd,2005.0,Unf,2,576,TA,TA,Y,222,32,0,0,0,0,0,5,2010,WD,Normal,2.5503474899500453,1800,60,11,35,0.0,1.0,1,0,1,0,0,1
28,20,RL,98.0,11478,Reg,Lvl,Inside,Gtl,NridgHt,Norm,1Fam,1Story,8,5,2007,2008,Gable,VinylSd,VinylSd,200.0,Gd,TA,PConc,Ex,TA,No,GLQ,1218,Unf,0,486,1704,Ex,Y,SBrkr,1704,0,0,1704,1,0,2,0,3,1,Gd,7,Typ,1,Gd,Attchd,2008.0,RFn,3,772,TA,TA,Y,0,50,0,0,0,0,0,5,2010,WD,Normal,2.612371821106736,3408,4,3,40,1.5,2.0,1,0,1,0,0,1
29,20,RL,47.0,16321,IR1,Lvl,CulDSac,Gtl,NAmes,Norm,1Fam,1Story,5,6,1957,1997,Gable,MetalSd,MetalSd,0.0,TA,TA,CBlock,TA,TA,Gd,BLQ,1277,Unf,0,207,1484,TA,Y,SBrkr,1600,0,0,1600,1,0,1,0,2,1,TA,6,Typ,2,Gd,Attchd,1957.0,RFn,1,319,TA,TA,Y,288,258,0,0,0,0,0,12,2006,WD,Normal,2.583460913215718,3084,50,10,30,1.5,1.0,1,0,1,0,0,1
30,30,RM,60.0,6324,IR1,Lvl,Inside,Gtl,BrkSide,Feedr,1Fam,1Story,4,6,1927,1950,Gable,MetalSd,MetalSd,0.0,TA,TA,BrkTil,TA,TA,No,Unf,0,Unf,0,520,520,Fa,N,SBrkr,520,0,0,520,0,0,1,0,1,1,Fa,4,Typ,0,None,Detchd,1920.0,Unf,1,240,Fa,TA,Y,49,0,87,0,0,0,0,5,2008,WD,Normal,2.496061174671777,1040,82,59,24,0.0,1.0,1,0,1,0,0,1
31,70,C (all),50.0,8500,Reg,Lvl,Inside,Gtl,IDOTRR,Feedr,1Fam,2Story,4,4,1920,1950,Gambrel,BrkFace,BrkFace,0.0,TA,Fa,BrkTil,TA,TA,No,Unf,0,Unf,0,649,649,TA,N,SBrkr,649,668,0,1317,0,0,1,0,3,1,TA,6,Typ,0,None,Detchd,1920.0,Unf,1,250,TA,Fa,N,0,54,172,0,0,0,0,7,2008,WD,Normal,2.450717102575204,1966,89,59,16,0.0,1.0,1,0,1,0,0,1
32,20,RL,68.0,8544,IR1,Lvl,CulDSac,Gtl,Sawyer,Norm,1Fam,1Story,5,6,1966,2006,Gable,HdBoard,HdBoard,0.0,TA,TA,CBlock,TA,TA,No,Unf,0,Unf,0,1228,1228,Gd,Y,SBrkr,1228,0,0,1228,0,0,1,1,3,1,Gd,6,Typ,0,None,Attchd,1966.0,Unf,1,271,TA,TA,Y,0,65,0,0,0,0,0,6,2008,WD,Normal,2.558316215916219,2456,43,3,30,0.0,1.5,1,0,1,0,0,1
33,20,RL,85.0,11049,Reg,Lvl,Corner,Gtl,CollgCr,Norm,1Fam,1Story,8,5,2007,2007,Gable,VinylSd,VinylSd,0.0,Gd,TA,PConc,Ex,TA,Av,Unf,0,Unf,0,1234,1234,Ex,Y,SBrkr,1234,0,0,1234,0,0,2,0,3,1,Gd,7,Typ,0,None,Attchd,2007.0,RFn,2,484,TA,TA,Y,0,30,0,0,0,0,0,1,2008,WD,Normal,2.572624594906759,2468,2,2,40,0.0,2.0,1,0,1,0,0,1
34,20,RL,70.0,10552,IR1,Lvl,Inside,Gtl,NAmes,Norm,1Fam,1Story,5,5,1959,1959,Hip,BrkFace,BrkFace,0.0,TA,TA,CBlock,TA,TA,No,Rec,1018,Unf,0,380,1398,Gd,Y,SBrkr,1700,0,0,1700,0,1,1,1,4,1,Gd,6,Typ,1,Gd,Attchd,1959.0,RFn,2,447,TA,TA,Y,0,38,0,0,0,0,0,4,2010,WD,Normal,2.566235646458342,3098,52,52,25,0.0,1.5,1,0,1,0,0,1
35,120,RL,60.0,7313,Reg,Lvl,Inside,Gtl,NridgHt,Norm,TwnhsE,1Story,9,5,2005,2005,Hip,MetalSd,MetalSd,246.0,Ex,TA,PConc,Ex,TA,No,GLQ,1153,Unf,0,408,1561,Ex,Y,SBrkr,1561,0,0,1561,1,0,2,0,2,1,Ex,6,Typ,1,Gd,Attchd,2005.0,Fin,2,556,TA,TA,Y,203,47,0,0,0,0,0,8,2007,WD,Normal,2.605173990761339,3122,3,3,45,1.5,2.0,1,0,1,0,0,1
36,60,RL,108.0,13418,Reg,Lvl,Inside,Gtl,NridgHt,Norm,1Fam,2Story,8,5,2004,2005,Gable,VinylSd,VinylSd,132.0,Gd,TA,PConc,Ex,TA,Av,Unf,0,Unf,0,1117,1117,Ex,Y,SBrkr,1132,1320,0,2452,0,0,3,1,4,1,Gd,9,Typ,1,Gd,BuiltIn,2004.0,Fin,3,691,TA,TA,Y,113,32,0,0,0,0,0,9,2006,WD,Normal,2.613087279085764,3569,3,2,40,0.0,3.5,1,0,1,0,0,1
37,20,RL,112.0,10859,Reg,Lvl,Corner,Gtl,CollgCr,Norm,1Fam,1Story,5,5,1994,1995,Gable,VinylSd,VinylSd,0.0,TA,TA,PConc,Gd,TA,No,Unf,0,Unf,0,1097,1097,Ex,Y,SBrkr,1097,0,0,1097,0,0,1,1,3,1,TA,6,Typ,0,None,Attchd,1995.0,Unf,2,672,TA,TA,Y,392,64,0,0,0,0,0,6,2009,WD,Normal,2.556024721719396,2194,16,15,25,0.0,1.5,1,0,1,0,0,1
38,20,RL,74.0,8532,Reg,Lvl,Inside,Gtl,NAmes,Norm,1Fam,1Story,5,6,1954,1990,Hip,Wd Sdng,Wd Sdng,650.0,TA,TA,CBlock,TA,TA,No,Rec,1213,Unf,0,84,1297,Gd,Y,SBrkr,1297,0,0,1297,0,1,1,0,3,1,TA,5,Typ,1,TA,Attchd,1954.0,Fin,2,498,TA,TA,Y,0,0,0,0,0,0,0,10,2009,WD,Normal,2.5601841554606546,2594,56,20,30,0.0,1.0,1,0,1,0,0,1
39,20,RL,68.0,7922,Reg,Lvl,Inside,Gtl,NAmes,Norm,1Fam,1Story,5,7,1953,2007,Gable,VinylSd,VinylSd,0.0,TA,Gd,CBlock,TA,TA,No,GLQ,731,Unf,0,326,1057,TA,Y,SBrkr,1057,0,0,1057,1,0,1,0,3,1,Gd,5,Typ,0,None,Detchd,1953.0,Unf,1,246,TA,TA,Y,0,52,0,0,0,0,0,1,2010,WD,Abnorml,2.533626361910755,2114,58,4,35,1.5,1.0,1,0,1,0,0,1
40,90,RL,65.0,6040,Reg,Lvl,Inside,Gtl,Edwards,Norm,Duplex,1Story,4,5,1955,1955,Gable,AsbShng,Plywood,0.0,TA,TA,PConc,None,None,None,None,0,None,0,0,0,TA,N,FuseP,1152,0,0,1152,0,0,2,0,2,2,Fa,6,Typ,0,None,None,1973.0,None,0,0,None,None,N,0,0,0,0,0,0,0,6,2008,WD,AdjLand,2.5107763515560313,1152,54,54,20,0.0,2.0,0,0,0,0,1,1
41,20,RL,84.0,8658,Reg,Lvl,Inside,Gtl,NAmes,Norm,1Fam,1Story,6,5,1965,1965,Gable,Wd Sdng,Wd Sdng,101.0,TA,TA,CBlock,TA,TA,No,Rec,643,Unf,0,445,1088,Ex,Y,SBrkr,1324,0,0,1324,0,0,2,0,3,1,TA,6,Typ,1,TA,Attchd,1965.0,RFn,2,440,TA,TA,Y,0,138,0,0,0,0,0,12,2006,WD,Abnorml,2.56363582933001,2412,42,42,30,0.0,2.0,1,0,1,0,0,1
42,20,RL,115.0,16905,Reg,Lvl,Inside,Gtl,Timber,Norm,1Fam,1Story,5,6,1959,1959,Gable,VinylSd,VinylSd,0.0,TA,Gd,CBlock,TA,TA,Gd,BLQ,967,Unf,0,383,1350,Gd,Y,SBrkr,1328,0,0,1328,0,1,1,1,2,1,TA,5,Typ,2,Gd,Attchd,1959.0,RFn,1,308,TA,TA,P,0,104,0,0,0,0,0,7,2007,WD,Normal,2.5682944945824913,2678,49,49,30,0.0,1.5,1,0,1,0,0,1
43,85,RL,68.0,9180,IR1,Lvl,CulDSac,Gtl,SawyerW,Norm,1Fam,SFoyer,5,7,1983,1983,Gable,HdBoard,HdBoard,0.0,TA,TA,CBlock,Gd,TA,Av,ALQ,747,LwQ,93,0,840,Gd,Y,SBrkr,884,0,0,884,1,0,1,0,2,1,Gd,5,Typ,0,None,Attchd,1983.0,RFn,2,504,TA,Gd,Y,240,0,0,0,0,0,0,12,2007,WD,Normal,2.55548746716403,1724,25,25,35,1.5,1.0,1,0,1,0,0,1
44,20,RL,68.0,9200,IR1,Lvl,CulDSac,Gtl,CollgCr,Norm,1Fam,1Story,5,6,1975,1980,Hip,VinylSd,VinylSd,0.0,TA,TA,CBlock,Gd,TA,Av,LwQ,280,BLQ,491,167,938,TA,Y,SBrkr,938,0,0,938,1,0,1,0,3,1,TA,5,Typ,0,None,Detchd,1977.0,Unf,1,308,TA,TA,Y,145,0,0,0,0,0,0,7,2008,WD,Normal,2.547663791236228,1876,34,29,30,1.5,1.0,1,0,1,0,0,1
45,20,RL,70.0,7945,Reg,Lvl,Inside,Gtl,NAmes,Norm,1Fam,1Story,5,6,1959,1959,Gable,BrkFace,Wd Sdng,0.0,TA,TA,CBlock,TA,TA,No,ALQ,179,BLQ,506,465,1150,Ex,Y,FuseA,1150,0,0,1150,1,0,1,0,3,1,TA,6,Typ,0,None,Attchd,1959.0,RFn,1,300,TA,TA,Y,0,0,0,0,0,0,0,5,2006,WD,Normal,2.553851251562612,2300,48,48,30,1.5,1.0,1,0,1,0,1,1
46,120,RL,61.0,7658,Reg,Lvl,Inside,Gtl,NridgHt,Norm,TwnhsE,1Story,9,5,2005,2005,Hip,MetalSd,MetalSd,412.0,Ex,TA,PConc,Ex,TA,No,GLQ,456,Unf,0,1296,1752,Ex,Y,SBrkr,1752,0,0,1752,1,0,2,0,2,1,Ex,6,Typ,1,Gd,Attchd,2005.0,RFn,2,576,TA,TA,Y,196,82,0,0,0,0,0,2,2010,WD,Normal,2.615625423657884,3504,6,6,45,1.5,2.0,1,0,1,0,0,1
47,50,RL,48.0,12822,IR1,Lvl,CulDSac,Gtl,Mitchel,Norm,1Fam,1.5Fin,7,5,2003,2003,Gable,VinylSd,VinylSd,0.0,Gd,TA,PConc,Ex,TA,No,GLQ,1351,Unf,0,83,1434,Ex,Y,SBrkr,1518,631,0,2149,1,0,1,1,1,1,Gd,6,Typ,1,Ex,Attchd,2003.0,RFn,2,670,TA,TA,Y,168,43,0,0,198,0,0,8,2009,WD,Abnorml,2.594290748803829,3583,7,7,35,1.5,1.5,1,0,1,0,0,1
48,20,FV,84.0,11096,Reg,Lvl,Inside,Gtl,Somerst,Norm,1Fam,1Story,8,5,2006,2006,Gable,VinylSd,VinylSd,0.0,Gd,TA,PConc,Gd,TA,Av,GLQ,24,Unf,0,1632,1656,Ex,Y,SBrkr,1656,0,0,1656,0,0,2,0,3,1,Gd,7,Typ,0,None,Attchd,2006.0,RFn,3,826,TA,TA,Y,0,146,0,0,0,0,0,7,2007,WD,Normal,2.5973435298961234,3312,2,2,40,0.0,2.0,1,0,1,0,0,1
49,190,RM,33.0,4456,Reg,Lvl,Inside,Gtl,OldTown,Norm,2fmCon,2Story,4,5,1920,2008,Gable,MetalSd,MetalSd,0.0,TA,TA,BrkTil,TA,TA,No,Unf,0,Unf,0,736,736,Gd,Y,SBrkr,736,716,0,1452,0,0,2,0,2,3,TA,8,Typ,0,None,None,1974.0,None,0,0,None,None,N,0,0,102,0,0,0,0,6,2009,New,Partial,2.5364827666651832,2188,90,2,20,0.0,2.0,1,1,0,0,0,1
50,20,RL,66.0,7742,Reg,Lvl,Inside,Gtl,Sawyer,Norm,1Fam,1Story,5,7,1966,1966,Gable,HdBoard,HdBoard,0.0,TA,TA,CBlock,TA,TA,No,BLQ,763,Unf,0,192,955,Ex,Y,SBrkr,955,0,0,955,1,0,1,0,3,1,TA,6,Typ,0,None,Attchd,1966.0,Unf,1,386,TA,TA,Y,0,0,0,0,0,0,0,1,2007,WD,Normal,2.5456842198621934,1910,42,42,35,1.5,1.0,1,0,1,0,0,1
51,60,RL,68.0,13869,IR2,Lvl,Corner,Gtl,Gilbert,Norm,1Fam,2Story,6,6,1997,1997,Gable,VinylSd,VinylSd,0.0,TA,TA,PConc,Gd,TA,Av,GLQ,182,Unf,0,612,794,Gd,Y,SBrkr,794,676,0,1470,0,1,2,0,3,1,TA,6,Typ,0,None,Attchd,1997.0,Fin,2,388,TA,TA,Y,0,75,0,0,0,0,0,7,2007,WD,Normal,2.5713832815618387,2264,11,11,36,0.0,2.0,1,0,1,0,0,1
52,50,RM,52.0,6240,Reg,Lvl,Inside,Gtl,BrkSide,Norm,1Fam,1.5Fin,6,6,1934,1950,Gable,Wd Sdng,Wd Sdng,0.0,TA,TA,PConc,TA,TA,No,Unf,0,Unf,0,816,816,TA,Y,SBrkr,816,0,360,1176,0,0,1,0,3,1,TA,6,Typ,1,Gd,Detchd,1985.0,Unf,2,528,TA,TA,Y,112,0,0,0,0,0,400,9,2006,WD,Normal,2.5375258892038333,1632,73,57,36,0.0,1.0,1,0,1,0,0,1
53,90,RM,110.0,8472,IR2,Bnk,Corner,Mod,IDOTRR,RRNn,Duplex,1Story,5,5,1963,1963,Gable,Wd Sdng,Wd Sdng,0.0,Fa,TA,CBlock,Gd,TA,Gd,LwQ,104,GLQ,712,0,816,TA,N,SBrkr,816,0,0,816,1,0,1,0,2,1,TA,5,Typ,0,None,CarPort,1963.0,Unf,2,516,TA,TA,Y,106,0,0,0,0,0,0,5,2010,WD,Normal,2.534350944066273,1632,48,48,25,1.5,1.0,1,0,1,0,0,1
54,20,RL,68.0,50271,IR1,Low,Inside,Gtl,Veenker,Norm,1Fam,1Story,9,5,1981,1987,Gable,WdShing,Wd Shng,0.0,Gd,TA,CBlock,Ex,TA,Gd,GLQ,1810,Unf,0,32,1842,Gd,Y,SBrkr,1842,0,0,1842,2,0,0,1,0,1,Gd,5,Typ,1,Gd,Attchd,1981.0,Fin,3,894,TA,TA,Y,857,72,0,0,0,0,0,11,2006,WD,Normal,2.6290792285747764,3684,26,20,45,3.0,0.5,1,0,1,0,1,1
55,80,RL,60.0,7134,Reg,Bnk,Inside,Mod,NAmes,Norm,1Fam,SLvl,5,5,1955,1955,Gable,MetalSd,MetalSd,0.0,TA,TA,CBlock,TA,TA,No,ALQ,384,Unf,0,0,384,TA,Y,SBrkr,1360,0,0,1360,0,0,1,0,3,1,TA,6,Min1,1,TA,Detchd,1962.0,Unf,2,572,TA,TA,Y,0,50,0,0,0,0,0,2,2007,WD,Normal,2.5475134173620706,1744,53,53,25,0.0,1.0,1,0,1,0,0,1
56,20,RL,100.0,10175,IR1,Lvl,Inside,Gtl,NAmes,Norm,1Fam,1Story,6,5,1964,1964,Gable,HdBoard,Plywood,272.0,TA,TA,CBlock,TA,TA,No,BLQ,490,Unf,0,935,1425,Gd,Y,SBrkr,1425,0,0,1425,0,0,2,0,3,1,TA,7,Typ,1,Gd,Attchd,1964.0,RFn,2,576,TA,TA,Y,0,0,0,407,0,0,0,7,2008,WD,Normal,2.5728787288081554,2850,45,45,30,0.0,2.0,1,0,1,0,1,1
57,160,FV,24.0,2645,Reg,Lvl,Inside,Gtl,Somerst,Norm,Twnhs,2Story,8,5,1999,2000,Gable,MetalSd,MetalSd,456.0,Gd,TA,PConc,Gd,TA,No,GLQ,649,Unf,0,321,970,Ex,Y,SBrkr,983,756,0,1739,1,0,2,1,3,1,Gd,7,Typ,0,None,Attchd,1999.0,Fin,2,480,TA,TA,Y,115,0,0,0,0,0,0,8,2009,WD,Abnorml,2.5694130964877173,2709,11,10,40,1.5,2.5,1,0,1,0,0,1
58,60,RL,89.0,11645,IR1,Lvl,Corner,Gtl,CollgCr,Norm,1Fam,2Story,7,5,2004,2004,Gable,VinylSd,VinylSd,0.0,Gd,TA,PConc,Gd,TA,No,Unf,0,Unf,0,860,860,Ex,Y,SBrkr,860,860,0,1720,0,0,2,1,3,1,Gd,7,Typ,0,None,Attchd,2004.0,RFn,2,565,TA,TA,Y,0,70,0,0,0,0,0,8,2006,WD,Normal,2.579339384093305,2580,3,3,35,0.0,2.5,1,0,1,0,0,1
59,60,RL,66.0,13682,IR2,HLS,CulDSac,Gtl,StoneBr,Norm,1Fam,2Story,10,5,2006,2006,Hip,VinylSd,VinylSd,1031.0,Ex,TA,PConc,Ex,TA,Gd,Unf,0,Unf,0,1410,1410,Ex,Y,SBrkr,1426,1519,0,2945,0,0,3,1,3,1,Gd,10,Typ,1,Gd,BuiltIn,2006.0,Fin,3,641,TA,TA,Y,192,0,37,0,0,0,0,10,2006,New,Partial,2.638468278053941,4355,1,1,50,0.0,3.5,1,1,1,0,0,1
60,20,RL,60.0,7200,Reg,Bnk,Inside,Gtl,CollgCr,Norm,1Fam,1Story,5,7,1972,1972,Gable,HdBoard,HdBoard,0.0,TA,TA,CBlock,TA,TA,Av,ALQ,632,Unf,0,148,780,Ex,Y,SBrkr,780,0,0,780,0,0,1,0,2,1,TA,4,Typ,0,None,Detchd,1973.0,Unf,1,352,TA,TA,Y,196,0,0,0,0,0,0,1,2008,WD,Normal,2.544375835913221,1560,37,37,35,0.0,1.0,1,0,1,0,0,1
61,20,RL,63.0,13072,Reg,Lvl,Inside,Gtl,SawyerW,RRAe,1Fam,1Story,6,5,2004,2004,Gable,VinylSd,VinylSd,0.0,TA,TA,PConc,Gd,TA,No,ALQ,941,Unf,0,217,1158,Ex,Y,SBrkr,1158,0,0,1158,1,0,1,1,3,1,Gd,5,Typ,0,None,Detchd,2006.0,Unf,2,576,TA,TA,Y,0,50,0,0,0,0,0,5,2006,New,Partial,2.5626664953368135,2316,3,3,30,1.5,1.5,1,1,1,0,0,1
62,75,RM,60.0,7200,Reg,Lvl,Inside,Gtl,IDOTRR,Norm,1Fam,2.5Unf,5,7,1920,1996,Gable,MetalSd,MetalSd,0.0,TA,TA,BrkTil,TA,Fa,No,Unf,0,Unf,0,530,530,TA,N,SBrkr,581,530,0,1111,0,0,1,0,3,1,Fa,6,Typ,0,None,Detchd,1935.0,Unf,1,288,TA,TA,N,0,0,144,0,0,0,0,3,2007,WD,Normal,2.527557826075933,1641,88,12,35,0.0,1.0,1,0,1,0,0,1
63,120,RL,44.0,6442,IR1,Lvl,Inside,Gtl,NridgHt,Norm,TwnhsE,1Story,8,5,2006,2006,Gable,VinylSd,VinylSd,178.0,Gd,TA,PConc,Gd,Gd,Mn,GLQ,24,Unf,0,1346,1370,Ex,Y,SBrkr,1370,0,0,1370,0,0,2,0,2,1,Gd,6,Typ,1,Gd,Attchd,2006.0,RFn,2,484,TA,TA,Y,120,49,0,0,0,0,0,10,2007,WD,Normal,2.58161737138989,2740,2,2,40,0.0,2.0,1,0,1,0,0,1
64,70,RM,50.0,10300,IR1,Bnk,Inside,Gtl,OldTown,RRAn,1Fam,2Story,7,6,1921,1950,Gable,Stucco,Stucco,0.0,TA,TA,BrkTil,TA,TA,No,Unf,0,Unf,0,576,576,Gd,Y,SBrkr,902,808,0,1710,0,0,2,0,3,1,TA,9,Typ,0,None,Detchd,1990.0,Unf,2,480,TA,TA,Y,12,11,64,0,0,0,0,4,2010,WD,Normal,2.5532974946595286,2286,90,61,42,0.0,2.0,1,0,1,0,0,1
65,60,RL,68.0,9375,Reg,Lvl,Inside,Gtl,CollgCr,Norm,1Fam,2Story,7,5,1997,1998,Gable,VinylSd,VinylSd,573.0,TA,TA,PConc,Gd,TA,No,GLQ,739,Unf,0,318,1057,Ex,Y,SBrkr,1057,977,0,2034,1,0,2,1,3,1,Gd,8,Typ,0,None,Attchd,1998.0,RFn,2,645,TA,TA,Y,576,36,0,0,0,0,0,2,2009,WD,Normal,2.5876972711415656,3091,13,12,35,1.5,2.5,1,0,1,0,0,1
66,60,RL,76.0,9591,Reg,Lvl,Inside,Gtl,NridgHt,Norm,1Fam,2Story,8,5,2004,2005,Gable,VinylSd,VinylSd,344.0,Gd,TA,PConc,Ex,TA,Av,Unf,0,Unf,0,1143,1143,Ex,Y,SBrkr,1143,1330,0,2473,0,0,2,1,4,1,Gd,9,Typ,1,Gd,BuiltIn,2004.0,RFn,3,852,TA,TA,Y,192,151,0,0,0,0,0,10,2007,WD,Normal,2.614959305408909,3616,4,3,40,0.0,2.5,1,0,1,0,0,1
67,20,RL,68.0,19900,Reg,Lvl,Inside,Gtl,NAmes,PosA,1Fam,1Story,7,5,1970,1989,Gable,Plywood,Plywood,287.0,TA,TA,CBlock,Gd,TA,Gd,GLQ,912,Unf,0,1035,1947,TA,Y,SBrkr,2207,0,0,2207,1,0,2,0,3,1,TA,7,Min1,1,Gd,Attchd,1970.0,RFn,2,576,TA,TA,Y,301,0,0,0,0,0,0,7,2010,WD,Normal,2.5726670138524446,4154,41,22,35,1.5,2.0,1,0,1,0,0,1
68,20,RL,72.0,10665,IR1,Lvl,Inside,Gtl,CollgCr,Norm,1Fam,1Story,7,5,2003,2003,Gable,VinylSd,VinylSd,167.0,Gd,TA,PConc,Gd,TA,Av,GLQ,1013,Unf,0,440,1453,Ex,Y,SBrkr,1479,0,0,1479,1,0,2,0,3,1,Gd,7,Typ,0,None,Attchd,2003.0,RFn,2,558,TA,TA,Y,144,29,0,0,0,0,0,6,2007,WD,Normal,2.589889196751413,2932,5,5,35,1.5,2.0,1,0,1,0,0,1
69,30,RM,47.0,4608,Reg,Lvl,Corner,Gtl,OldTown,Artery,1Fam,1Story,4,6,1945,1950,Gable,MetalSd,MetalSd,0.0,TA,Gd,CBlock,TA,TA,No,Unf,0,Unf,0,747,747,TA,Y,SBrkr,747,0,0,747,0,0,1,0,2,1,TA,4,Typ,0,None,Attchd,1945.0,Unf,1,220,TA,TA,Y,0,0,0,0,0,0,0,6,2010,WD,Normal,2.5087691954948155,1494,66,61,24,0.0,1.0,1,0,1,0,0,1
70,50,RL,81.0,15593,Reg,Lvl,Corner,Gtl,ClearCr,Norm,1Fam,1.5Fin,7,4,1953,1953,Gable,BrkFace,AsbShng,0.0,Gd,TA,CBlock,TA,TA,No,BLQ,603,Unf,0,701,1304,TA,Y,SBrkr,1304,983,0,2287,0,0,2,0,3,1,TA,7,Typ,1,TA,Attchd,1953.0,Fin,2,667,TA,TA,Y,0,21,114,0,0,0,0,7,2006,WD,Normal,2.5895564223493652,3591,54,54,28,0.0,2.0,1,0,1,0,1,1
71,20,RL,95.0,13651,IR1,Lvl,Inside,Gtl,NAmes,Norm,1Fam,1Story,7,6,1973,1973,Gable,Plywood,Plywood,1115.0,TA,Gd,CBlock,Gd,TA,Gd,ALQ,1880,Unf,0,343,2223,Ex,Y,SBrkr,2223,0,0,2223,1,0,2,0,3,1,TA,8,Typ,2,Gd,Attchd,1973.0,Fin,2,516,TA,TA,Y,300,0,0,0,0,0,0,2,2007,WD,Normal,2.595622370899567,4446,35,35,42,1.5,2.0,1,0,1,0,0,1
72,20,RL,69.0,7599,Reg,Lvl,Corner,Gtl,Mitchel,Norm,1Fam,1Story,4,6,1982,2006,Gable,HdBoard,Plywood,0.0,TA,TA,CBlock,TA,TA,No,ALQ,565,Unf,0,280,845,TA,Y,SBrkr,845,0,0,845,1,0,1,0,2,1,TA,4,Typ,0,None,Detchd,1987.0,Unf,2,360,TA,TA,Y,0,0,0,0,0,0,0,6,2007,WD,Normal,2.5472117319455556,1690,26,2,24,1.5,1.0,1,0,1,0,1,1
73,60,RL,74.0,10141,IR1,Lvl,Corner,Gtl,Gilbert,Norm,1Fam,2Story,7,5,1998,1998,Gable,VinylSd,VinylSd,40.0,TA,TA,PConc,Gd,TA,No,Unf,0,Unf,0,832,832,Gd,Y,SBrkr,885,833,0,1718,0,0,2,1,3,1,TA,7,Typ,1,TA,Attchd,1998.0,Fin,2,427,TA,TA,Y,0,94,0,0,291,0,0,12,2009,WD,Normal,2.5747562286304357,2550,12,12,35,0.0,2.5,1,0,1,0,0,1
74,20,RL,85.0,10200,Reg,Lvl,Inside,Gtl,NAmes,Norm,1Fam,1Story,5,7,1954,2003,Gable,Wd Sdng,Wd Sdng,104.0,TA,TA,CBlock,TA,TA,No,ALQ,320,BLQ,362,404,1086,Gd,Y,SBrkr,1086,0,0,1086,1,0,1,0,3,1,TA,6,Typ,0,None,Attchd,1989.0,Unf,2,490,TA,TA,Y,0,0,0,0,0,0,0,5,2010,WD,Normal,2.555971176217173,2172,57,8,35,1.5,1.0,1,0,1,0,0,1
75,50,RM,60.0,5790,Reg,Lvl,Corner,Gtl,OldTown,Norm,1Fam,2Story,3,6,1915,1950,Gambrel,VinylSd,VinylSd,0.0,Gd,Gd,CBlock,Fa,TA,No,Unf,0,Unf,0,840,840,Gd,N,SBrkr,840,765,0,1605,0,0,2,0,3,2,TA,8,Typ,0,None,Detchd,1915.0,Unf,1,379,TA,TA,Y,0,0,202,0,0,0,0,5,2010,WD,Normal,2.5324519737510243,2445,96,61,18,0.0,2.0,1,0,1,0,0,1
76,180,RM,21.0,1596,Reg,Lvl,Inside,Gtl,MeadowV,Norm,Twnhs,SLvl,4,5,1973,1973,Gable,CemntBd,CmentBd,0.0,TA,TA,CBlock,Gd,TA,Gd,GLQ,462,Unf,0,0,462,TA,Y,SBrkr,526,462,0,988,1,0,1,0,2,1,TA,5,Typ,0,None,BuiltIn,1973.0,Unf,1,297,TA,TA,Y,120,101,0,0,0,0,0,11,2009,WD,Normal,2.519197424204011,1450,37,37,20,1.5,1.0,1,0,1,0,1,1
77,20,RL,68.0,8475,IR1,Lvl,Inside,Gtl,NAmes,Norm,1Fam,1Story,4,7,1956,1956,Gable,VinylSd,VinylSd,0.0,TA,TA,CBlock,TA,TA,No,ALQ,228,Unf,0,724,952,Ex,Y,FuseA,952,0,0,952,0,0,1,0,2,1,TA,4,Typ,0,None,Detchd,1956.0,Unf,1,283,TA,TA,Y,0,0,0,0,0,0,0,4,2008,WD,Normal,2.5508954940305415,1904,53,53,28,0.0,1.0,1,0,1,0,0,1
78,50,RM,50.0,8635,Reg,Lvl,Inside,Gtl,BrkSide,Norm,1Fam,1.5Fin,5,5,1948,2001,Gable,Wd Sdng,Wd Sdng,0.0,TA,TA,CBlock,TA,TA,No,BLQ,336,GLQ,41,295,672,TA,Y,SBrkr,1072,213,0,1285,1,0,1,0,2,1,TA,6,Min1,0,None,Detchd,1948.0,Unf,1,240,TA,TA,Y,0,0,0,0,0,0,0,1,2008,WD,Normal,2.5456842198621934,1957,61,8,25,1.5,1.0,1,0,1,0,0,1
79,90,RL,72.0,10778,Reg,Lvl,Inside,Gtl,Sawyer,Norm,Duplex,1Story,4,5,1968,1968,Hip,HdBoard,HdBoard,0.0,TA,TA,CBlock,TA,TA,No,Unf,0,Unf,0,1768,1768,TA,N,SBrkr,1768,0,0,1768,0,0,2,0,4,2,TA,8,Typ,0,None,None,1975.0,None,0,0,None,None,Y,0,0,0,0,0,0,0,4,2010,WD,Normal,2.5513252165620117,3536,43,43,20,0.0,2.0,1,0,0,0,0,1
80,50,RM,60.0,10440,Reg,Lvl,Corner,Gtl,OldTown,Norm,1Fam,2Story,5,6,1910,1981,Gable,Wd Sdng,Wd Sdng,0.0,TA,TA,PConc,TA,TA,No,Unf,0,Unf,0,440,440,Gd,Y,SBrkr,682,548,0,1230,0,0,1,1,2,1,TA,5,Typ,0,None,Detchd,1966.0,Unf,2,440,TA,TA,Y,74,0,128,0,0,0,0,5,2009,WD,Normal,2.534350944066273,1670,100,29,30,0.0,1.5,1,0,1,0,0,1
81,60,RL,100.0,13000,Reg,Lvl,Corner,Gtl,NAmes,Norm,1Fam,2Story,6,6,1968,1968,Gable,VinylSd,VinylSd,576.0,TA,Gd,CBlock,Gd,TA,No,Rec,448,Unf,0,448,896,TA,Y,SBrkr,1182,960,0,2142,0,0,2,1,4,1,Gd,8,Typ,1,Gd,Attchd,1968.0,Fin,1,509,TA,TA,Y,0,72,0,0,252,0,0,6,2009,WD,Normal,2.5781721618496474,3038,42,42,36,0.0,2.5,1,0,1,0,0,1
82,120,RM,32.0,4500,Reg,Lvl,FR2,Gtl,Mitchel,Norm,TwnhsE,1Story,6,5,1998,1998,Hip,VinylSd,VinylSd,443.0,TA,Gd,PConc,Ex,Gd,No,GLQ,1201,Unf,0,36,1237,Ex,Y,SBrkr,1337,0,0,1337,1,0,2,0,2,1,TA,5,Typ,0,None,Attchd,1998.0,Fin,2,405,TA,TA,Y,0,199,0,0,0,0,0,3,2006,WD,Normal,2.5604362935566067,2574,9,9,30,1.5,2.0,1,0,1,0,0,1
83,20,RL,78.0,10206,Reg,Lvl,Inside,Gtl,Somerst,Norm,1Fam,1Story,8,5,2007,2007,Gable,VinylSd,VinylSd,468.0,TA,TA,PConc,Gd,TA,No,GLQ,33,Unf,0,1530,1563,Ex,Y,SBrkr,1563,0,0,1563,0,0,2,0,3,1,Gd,6,Typ,1,Gd,Attchd,2007.0,RFn,3,758,TA,TA,Y,144,99,0,0,0,0,0,10,2008,WD,Normal,2.5959274336964664,3126,2,2,40,0.0,2.0,1,0,1,0,0,1
84,20,RL,80.0,8892,IR1,Lvl,Inside,Gtl,NAmes,Norm,1Fam,1Story,5,5,1960,1960,Gable,MetalSd,MetalSd,66.0,TA,TA,CBlock,TA,TA,No,Unf,0,Unf,0,1065,1065,Gd,Y,SBrkr,1065,0,0,1065,0,0,1,1,3,1,TA,6,Typ,0,None,Detchd,1974.0,Unf,2,461,TA,TA,Y,74,0,0,0,0,0,0,7,2007,COD,Normal,2.5453748273878185,2130,48,48,25,0.0,1.5,1,0,1,0,0,1
85,80,RL,68.0,8530,IR1,Lvl,Inside,Gtl,Gilbert,Norm,1Fam,SLvl,7,5,1995,1996,Gable,HdBoard,HdBoard,22.0,TA,TA,PConc,Gd,TA,No,Unf,0,Unf,0,384,384,Gd,Y,SBrkr,804,670,0,1474,0,0,2,1,3,1,TA,7,Typ,1,TA,BuiltIn,1995.0,Fin,2,400,TA,TA,Y,120,72,0,0,0,0,700,5,2009,WD,Normal,2.567614799203839,1858,15,14,35,0.0,2.5,1,0,1,0,0,1
86,60,RL,121.0,16059,Reg,Lvl,Corner,Gtl,NoRidge,Norm,1Fam,2Story,8,5,1991,1992,Hip,HdBoard,HdBoard,284.0,Gd,TA,CBlock,Gd,TA,No,Unf,0,Unf,0,1288,1288,Ex,Y,SBrkr,1301,1116,0,2417,0,0,2,1,4,1,Gd,9,Typ,1,TA,Attchd,1991.0,Unf,2,462,TA,TA,Y,127,82,0,0,0,0,0,4,2006,WD,Normal,2.6003492269397652,3705,16,15,40,0.0,2.5,1,0,1,0,0,1
87,60,RL,122.0,11911,IR2,Lvl,Inside,Gtl,Gilbert,Norm,1Fam,2Story,6,5,2005,2005,Gable,VinylSd,VinylSd,0.0,Gd,TA,PConc,Gd,TA,Av,Unf,0,Unf,0,684,684,Ex,Y,SBrkr,684,876,0,1560,0,0,2,1,3,1,Gd,6,Typ,1,Gd,BuiltIn,2005.0,Fin,2,400,TA,TA,Y,100,38,0,0,0,0,0,3,2009,WD,Normal,2.5700759115300578,2244,5,5,30,0.0,2.5,1,0,1,0,0,1
88,160,FV,40.0,3951,Reg,Lvl,Corner,Gtl,Somerst,Norm,TwnhsE,2Story,6,5,2009,2009,Gable,VinylSd,VinylSd,76.0,Gd,TA,PConc,Gd,TA,Av,Unf,0,Unf,0,612,612,Ex,Y,SBrkr,612,612,0,1224,0,0,2,1,2,1,Gd,4,Typ,0,None,Detchd,2009.0,RFn,2,528,TA,TA,Y,0,234,0,0,0,0,0,6,2009,New,Partial,2.565769938246588,1836,1,1,30,0.0,2.5,1,1,1,0,0,1
89,50,C (all),105.0,8470,IR1,Lvl,Corner,Gtl,IDOTRR,Feedr,1Fam,1.5Fin,3,2,1915,1982,Hip,Plywood,Plywood,0.0,Fa,Fa,CBlock,TA,Fa,No,Unf,0,Unf,0,1013,1013,TA,N,SBrkr,1013,0,513,1526,0,0,1,0,2,1,Fa,6,Typ,0,None,None,1974.0,None,0,0,None,None,N,0,0,156,0,0,0,0,10,2009,ConLD,Abnorml,2.513689932954576,2026,95,28,6,0.0,1.0,1,0,0,0,0,1
90,20,RL,60.0,8070,Reg,Lvl,Inside,Gtl,CollgCr,Norm,1Fam,1Story,4,5,1994,1995,Gable,VinylSd,VinylSd,0.0,TA,TA,PConc,Gd,TA,No,GLQ,588,Unf,0,402,990,Ex,Y,SBrkr,990,0,0,990,1,0,1,0,3,1,TA,5,Typ,0,None,None,1972.0,None,0,0,None,None,Y,0,0,0,0,0,0,0,8,2007,WD,Normal,2.5435539387216357,1980,14,13,20,1.5,1.0,1,0,0,0,0,1
91,20,RL,60.0,7200,Reg,Lvl,Inside,Gtl,NAmes,Norm,1Fam,1Story,4,5,1950,1950,Gable,BrkFace,Wd Sdng,0.0,TA,TA,Slab,None,None,None,None,0,None,0,0,0,TA,Y,FuseA,1040,0,0,1040,0,0,1,0,2,1,TA,4,Typ,0,None,Detchd,1950.0,Unf,2,420,TA,TA,Y,0,29,0,0,0,0,0,7,2006,WD,Normal,2.5342788064345214,1040,57,57,20,0.0,1.0,0,0,1,0,1,1
92,20,RL,85.0,8500,Reg,Lvl,Inside,Gtl,NAmes,Norm,1Fam,1Story,5,3,1961,1961,Hip,HdBoard,HdBoard,203.0,TA,TA,CBlock,TA,TA,No,Rec,600,Unf,0,635,1235,TA,Y,SBrkr,1235,0,0,1235,0,0,1,0,2,1,TA,6,Typ,0,None,Attchd,1961.0,Unf,2,480,TA,TA,Y,0,0,0,0,0,0,0,12,2006,WD,Abnorml,2.5256355745795727,2470,46,46,15,0.0,1.0,1,0,1,0,0,1
93,30,RL,80.0,13360,IR1,HLS,Inside,Gtl,Crawfor,Norm,1Fam,1Story,5,7,1921,2006,Gable,Wd Sdng,Wd Sdng,0.0,TA,Gd,BrkTil,Gd,TA,No,ALQ,713,Unf,0,163,876,Ex,Y,SBrkr,964,0,0,964,1,0,1,0,2,1,TA,5,Typ,0,None,Detchd,1921.0,Unf,2,432,TA,TA,Y,0,0,44,0,0,0,0,8,2009,WD,Normal,2.5653011713761242,1840,89,4,35,1.5,1.0,1,0,1,0,0,1
94,190,C (all),60.0,7200,Reg,Lvl,Corner,Gtl,OldTown,Norm,2fmCon,2.5Unf,6,6,1910,1998,Hip,MetalSd,MetalSd,0.0,TA,TA,BrkTil,TA,Fa,Mn,Rec,1046,Unf,0,168,1214,Ex,N,SBrkr,1260,1031,0,2291,0,1,2,0,4,2,TA,9,Typ,1,Gd,Detchd,1900.0,Unf,2,506,TA,TA,Y,0,0,0,0,99,0,0,11,2007,WD,Normal,2.5498244739741422,3505,98,10,36,0.0,2.0,1,0,1,0,0,1
95,60,RL,69.0,9337,IR1,Lvl,Inside,Gtl,CollgCr,Norm,1Fam,2Story,6,5,1997,1997,Gable,VinylSd,VinylSd,0.0,TA,Gd,PConc,Gd,TA,No,GLQ,648,Unf,0,176,824,Ex,Y,SBrkr,905,881,0,1786,1,0,2,1,3,1,Gd,7,Typ,0,None,Attchd,1997.0,RFn,2,684,TA,TA,Y,0,162,0,0,0,0,0,5,2007,WD,Normal,2.5824529553038222,2610,11,11,30,1.5,2.5,1,0,1,0,0,1
96,60,RL,68.0,9765,IR2,Lvl,Corner,Gtl,Gilbert,Norm,1Fam,2Story,6,8,1993,1993,Gable,VinylSd,VinylSd,68.0,Ex,Gd,PConc,Gd,Gd,No,ALQ,310,Unf,0,370,680,Gd,Y,SBrkr,680,790,0,1470,0,0,2,1,3,1,TA,6,Typ,1,TA,BuiltIn,1993.0,Fin,2,420,TA,TA,Y,232,63,0,0,0,0,480,4,2009,WD,Normal,2.5747562286304357,2150,17,17,48,0.0,2.5,1,0,1,0,0,1
97,20,RL,78.0,10264,IR1,Lvl,Inside,Gtl,CollgCr,Norm,1Fam,1Story,7,5,1999,1999,Gable,VinylSd,VinylSd,183.0,Gd,TA,PConc,Gd,TA,Av,ALQ,1162,Unf,0,426,1588,Ex,Y,SBrkr,1588,0,0,1588,0,0,2,0,3,1,Gd,6,Typ,0,None,Attchd,1999.0,RFn,2,472,TA,TA,Y,158,29,0,0,0,0,0,8,2006,WD,Normal,2.5857873435277328,3176,8,8,35,0.0,2.0,1,0,1,0,0,1
98,20,RL,73.0,10921,Reg,HLS,Inside,Gtl,Edwards,Norm,1Fam,1Story,4,5,1965,1965,Hip,HdBoard,HdBoard,48.0,TA,TA,CBlock,TA,TA,No,Rec,520,Unf,0,440,960,TA,Y,FuseF,960,0,0,960,1,0,1,0,3,1,TA,6,Typ,0,None,Attchd,1965.0,Fin,1,432,TA,TA,P,120,0,0,0,0,0,0,5,2007,WD,Normal,2.5224438694958997,1920,43,43,20,1.5,1.0,1,0,1,0,0,1
99,30,RL,85.0,10625,Reg,Lvl,Corner,Gtl,Edwards,Norm,1Fam,1Story,5,5,1920,1950,Gable,Wd Sdng,Wd Sdng,0.0,TA,TA,BrkTil,TA,TA,No,ALQ,108,Unf,0,350,458,Fa,N,SBrkr,835,0,0,835,0,0,1,0,2,1,TA,5,Typ,0,None,Basment,1920.0,Unf,1,366,Fa,TA,Y,0,0,77,0,0,0,400,5,2010,COD,Abnorml,2.511760172668831,1293,91,61,25,0.0,1.0,1,0,1,0,0,1
100,20,RL,77.0,9320,IR1,Lvl,Inside,Gtl,NAmes,Norm,1Fam,1Story,4,5,1959,1959,Gable,Plywood,Plywood,0.0,TA,TA,CBlock,TA,TA,No,ALQ,569,Unf,0,381,950,Fa,Y,SBrkr,1225,0,0,1225,1,0,1,1,3,1,TA,6,Typ,0,None,None,1975.0,None,0,0,None,None,Y,352,0,0,0,0,0,400,1,2010,WD,Normal,2.5468784238831312,2175,52,52,20,1.5,1.5,1,0,0,0,0,1
