Id,MSSubClass,MSZoning,LotFrontage,LotArea,Alley,LotShape,LandContour,LotConfig,LandSlope,Neighborhood,Condition1,BldgType,HouseStyle,OverallQual,OverallCond,YearBuilt,YearRemodAdd,RoofStyle,Exterior1st,Exterior2nd,MasVnrType,MasVnrArea,ExterQual,ExterCond,Foundation,BsmtQual,BsmtCond,BsmtExposure,BsmtFinType1,BsmtFinSF1,BsmtFinType2,BsmtFinSF2,BsmtUnfSF,TotalBsmtSF,HeatingQC,CentralAir,Electrical,1stFlrSF,2ndFlrSF,LowQualFinSF,GrLivArea,BsmtFullBath,BsmtHalfBath,FullBath,HalfBath,BedroomAbvGr,KitchenAbvGr,KitchenQual,TotRmsAbvGrd,Functional,Fireplaces,FireplaceQu,GarageType,GarageYrBlt,GarageFinish,GarageCars,GarageArea,GarageQual,GarageCond,PavedDrive,WoodDeckSF,OpenPorchSF,EnclosedPorch,3SsnPorch,ScreenPorch,PoolArea,PoolQC,Fence,MiscFeature,MiscVal,MoSold,YrSold,SaleType,SaleCondition,SalePrice,TotalSF,HouseAge,YearsSinceRemodel,QualCond,TotalBsmtBath,TotalBath,HasBasement,IsHomeNew,HasGarage,HasSecondGarage,MultipleExteriorMaterials,HasMasonryVeneer
1,60,RL,65.0,8450,Missing,3,3,Inside,2,CollgCr,Norm,1Fam,2Story,7,5,2003,2003,Gable,VinylSd,VinylSd,BrkFace,196.0,4,3,PConc,4,3,1,6,706,1,0,150,856,5,Y,SBrkr,856,854,0,1710,1,0,2,1,3,1,4,8,7,0,0,Attchd,2003.0,2,2,548,3,3,2,0,61,0,0,0,0,Missing,Missing,Missing,0,2,2008,WD,Normal,12.24769911637256,2566,6,6,35,1.5,2.5,1,0,1,0,0,1
2,20,RL,80.0,9600,Missing,3,3,FR2,2,Veenker,Feedr,1Fam,1Story,6,8,1976,1976,Gable,MetalSd,MetalSd,Missing,0.0,3,3,CBlock,4,3,4,5,978,1,0,284,1262,5,Y,SBrkr,1262,0,0,1262,0,1,2,0,3,1,3,6,7,1,3,Attchd,1976.0,2,2,460,3,3,2,298,0,0,0,0,0,Missing,Missing,Missing,0,5,2007,WD,Normal,12.109016442313738,2524,32,32,48,0.0,2.0,1,0,1,0,0,1
3,60,RL,68.0,11250,Missing,2,3,Inside,2,CollgCr,Norm,1Fam,2Story,7,5,2001,2002,Gable,VinylSd,VinylSd,BrkFace,162.0,4,3,PConc,4,3,2,6,486,1,0,434,920,5,Y,SBrkr,920,866,0,1786,1,0,2,1,3,1,4,6,7,1,3,Attchd,2001.0,2,2,608,3,3,2,0,42,0,0,0,0,Missing,Missing,Missing,0,9,2008,WD,Normal,12.317171167298682,2706,8,7,35,1.5,2.5,1,0,1,0,0,1
4,70,RL,60.0,9550,Missing,2,3,Corner,2,Crawfor,Norm,1Fam,2Story,7,5,1915,1970,Gable,Wd Sdng,Wd Shng,Missing,0.0,3,3,BrkTil,3,4,1,5,216,1,0,540,756,4,Y,SBrkr,961,756,0,1717,1,0,1,0,3,1,4,7,7,1,4,Detchd,1998.0,1,3,642,3,3,2,0,35,272,0,0,0,Missing,Missing,Missing,0,2,2006,WD,Abnorml,11.849404844423074,2473,92,37,35,1.5,1.0,1,0,1,0,1,1
5,60,RL,84.0,14260,Missing,2,3,FR2,2,NoRidge,Norm,1Fam,2Story,8,5,2000,2000,Gable,VinylSd,VinylSd,BrkFace,350.0,4,3,PConc,4,3,3,6,655,1,0,490,1145,5,Y,SBrkr,1145,1053,0,2198,1,0,2,1,4,1,4,9,7,1,3,Attchd,2000.0,2,3,836,3,3,2,192,84,0,0,0,0,Missing,Missing,Missing,0,12,2008,WD,Normal,12.429220196836383,3343,9,9,40,1.5,2.5,1,0,1,0,0,1
6,50,RL,85.0,14115,Missing,2,3,Inside,2,Mitchel,Norm,1Fam,1.5Fin,5,5,1993,1995,Gable,VinylSd,VinylSd,Missing,0.0,3,3,Wood,4,3,1,6,732,1,0,64,796,5,Y,SBrkr,796,566,0,1362,1,0,1,1,1,1,3,5,7,0,0,Attchd,1993.0,1,2,480,3,3,2,40,30,0,320,0,0,Missing,MnPrv,Shed,700,10,2009,WD,Normal,11.870606902224587,2158,17,15,25,1.5,1.5,1,0,1,0,0,1
7,20,RL,75.0,10084,Missing,3,3,Inside,2,Somerst,Norm,1Fam,1Story,8,5,2004,2005,Gable,VinylSd,VinylSd,Stone,186.0,4,3,PConc,5,3,3,6,1369,1,0,317,1686,5,Y,SBrkr,1694,0,0,1694,1,0,2,0,3,1,4,7,7,1,4,Attchd,2004.0,2,2,636,3,3,2,255,57,0,0,0,0,Missing,Missing,Missing,0,8,2007,WD,Normal,12.634606283893019,3380,4,3,40,1.5,2.0,1,0,1,0,0,1
8,60,RL,68.0,10382,Missing,2,3,Corner,2,NWAmes,PosN,1Fam,2Story,7,6,1973,1973,Gable,HdBoard,HdBoard,Stone,240.0,3,3,CBlock,4,3,2,5,859,4,32,216,1107,5,Y,SBrkr,1107,983,0,2090,1,0,2,1,3,1,3,7,7,2,3,Attchd,1973.0,2,2,484,3,3,2,235,204,228,0,0,0,Missing,Missing,Shed,350,11,2009,WD,Normal,12.206077645517674,3197,37,37,42,1.5,2.5,1,0,1,0,0,1
9,50,RM,51.0,6120,Missing,3,3,Inside,2,OldTown,Artery,1Fam,1.5Fin,7,5,1931,1950,Gable,BrkFace,Wd Shng,Missing,0.0,3,3,BrkTil,3,3,1,1,0,1,0,952,952,4,Y,FuseF,1022,752,0,1774,0,0,2,0,2,2,3,8,6,2,3,Detchd,1931.0,1,2,468,2,3,2,90,0,205,0,0,0,Missing,Missing,Missing,0,4,2008,WD,Abnorml,11.774527900858468,2726,78,59,35,0.0,2.0,1,0,1,0,1,1
10,190,RL,50.0,7420,Missing,3,3,Corner,2,BrkSide,Artery,2fmCon,1.5Unf,5,6,1939,1950,Gable,MetalSd,MetalSd,Missing,0.0,3,3,BrkTil,3,3,1,6,851,1,0,140,991,5,Y,SBrkr,1077,0,0,1077,1,0,1,0,2,2,3,5,7,2,3,Attchd,1939.0,2,1,205,4,3,2,0,4,0,0,0,0,Missing,Missing,Missing,0,1,2008,WD,Normal,11.678448377988165,2068,70,59,30,1.5,1.0,1,0,1,0,0,1
11,20,RL,70.0,11200,Missing,3,3,Inside,2,Sawyer,Norm,1Fam,1Story,5,5,1965,1965,Hip,HdBoard,HdBoard,Missing,0.0,3,3,CBlock,3,3,1,3,906,1,0,134,1040,5,Y,SBrkr,1040,0,0,1040,1,0,1,0,3,1,3,5,7,0,0,Detchd,1965.0,1,1,384,3,3,2,0,0,0,0,0,0,Missing,Missing,Missing,0,2,2008,WD,Normal,11.771443882099637,2080,44,44,25,1.5,1.0,1,0,1,0,0,1
12,60,RL,85.0,11924,Missing,2,3,Inside,2,NridgHt,Norm,1Fam,2Story,9,5,2005,2006,Hip,WdShing,Wd Shng,Stone,286.0,5,3,PConc,5,3,1,6,998,1,0,177,1175,5,Y,SBrkr,1182,1142,0,2324,1,0,3,0,4,1,5,11,7,2,4,BuiltIn,2005.0,3,3,736,3,3,2,147,21,0,0,0,0,Missing,Missing,Missing,0,7,2006,New,Partial,12.75130259456002,3499,2,1,45,1.5,3.0,1,1,1,0,1,1
13,20,RL,68.0,12968,Missing,1,3,Inside,2,Sawyer,Norm,1Fam,1Story,5,6,1962,1962,Hip,HdBoard,Plywood,Missing,0.0,3,3,CBlock,3,3,1,5,737,1,0,175,912,3,Y,SBrkr,912,0,0,912,1,0,1,0,2,1,3,4,7,0,0,Detchd,1962.0,1,1,352,3,3,2,140,0,0,0,176,0,Missing,Missing,Missing,0,9,2008,WD,Normal,11.87757552297847,1824,47,47,30,1.5,1.0,1,0,1,0,1,1
14,20,RL,91.0,10652,Missing,2,3,Inside,2,CollgCr,Norm,1Fam,1Story,7,5,2006,2007,Gable,VinylSd,VinylSd,Stone,306.0,4,3,PConc,4,3,3,1,0,1,0,1494,1494,5,Y,SBrkr,1494,0,0,1494,0,0,2,0,3,1,4,7,7,1,4,Attchd,2006.0,2,3,840,3,3,2,160,33,0,0,0,0,Missing,Missing,Missing,0,8,2007,New,Partial,12.540761149388421,2988,2,1,35,0.0,2.0,1,1,1,0,0,1
15,20,RL,68.0,10920,Missing,2,3,Corner,2,NAmes,Norm,1Fam,1Story,6,5,1960,1960,Hip,MetalSd,MetalSd,BrkFace,212.0,3,3,CBlock,3,3,1,4,733,1,0,520,1253,3,Y,SBrkr,1253,0,0,1253,1,0,1,1,2,1,3,5,7,1,2,Attchd,1960.0,2,1,352,3,3,2,0,213,176,0,0,0,Missing,GdWo,Missing,0,5,2008,WD,Normal,11.964007453736912,2506,49,49,30,1.5,1.5,1,0,1,0,0,1
16,45,RM,51.0,6120,Missing,3,3,Corner,2,BrkSide,Norm,1Fam,1.5Unf,7,8,1929,2001,Gable,Wd Sdng,Wd Sdng,Missing,0.0,3,3,BrkTil,3,3,1,1,0,1,0,832,832,5,Y,FuseA,854,0,0,854,0,0,1,0,2,1,3,5,7,0,0,Detchd,1991.0,1,2,576,3,3,2,48,112,0,0,0,0,Missing,GdPrv,Missing,0,7,2007,WD,Normal,11.790564777297387,1686,79,7,56,0.0,1.0,1,0,1,0,0,1
17,20,RL,68.0,11241,Missing,2,3,CulDSac,2,NAmes,Norm,1Fam,1Story,6,7,1970,1970,Gable,Wd Sdng,Wd Sdng,BrkFace,180.0,3,3,CBlock,3,3,1,5,578,1,0,426,1004,5,Y,SBrkr,1004,0,0,1004,1,0,1,0,2,1,3,5,7,1,3,Attchd,1970.0,3,2,480,3,3,2,0,0,0,0,0,0,Missing,Missing,Shed,700,3,2010,WD,Normal,11.91170829631447,2008,41,41,42,1.5,1.0,1,0,1,0,0,1
18,90,RL,72.0,10791,Missing,3,3,Inside,2,Sawyer,Norm,Duplex,1Story,4,5,1967,1967,Gable,MetalSd,MetalSd,Missing,0.0,3,3,Slab,0,0,0,0,0,0,0,0,0,3,Y,SBrkr,1296,0,0,1296,0,0,2,0,2,2,3,6,7,0,0,CarPort,1967.0,1,2,516,3,3,2,0,0,0,0,0,0,Missing,Missing,Shed,500,10,2006,WD,Normal,11.407576060361786,1296,40,40,20,0.0,2.0,0,0,1,0,0,1
19,20,RL,66.0,13695,Missing,3,3,Inside,2,SawyerW,RRAe,1Fam,1Story,5,5,2004,2004,Gable,VinylSd,VinylSd,Missing,0.0,3,3,PConc,3,3,1,6,646,1,0,468,1114,5,Y,SBrkr,1114,0,0,1114,1,0,1,1,3,1,4,6,7,0,0,Detchd,2004.0,1,2,576,3,3,2,0,102,0,0,0,0,Missing,Missing,Missing,0,6,2008,WD,Normal,11.976665770490767,2228,5,5,25,1.5,1.5,1,0,1,0,0,1
20,20,RL,70.0,7560,Missing,3,3,Inside,2,NAmes,Norm,1Fam,1Story,5,6,1958,1965,Hip,BrkFace,Plywood,Missing,0.0,3,3,CBlock,3,3,1,2,504,1,0,525,1029,3,Y,SBrkr,1339,0,0,1339,0,0,1,0,3,1,3,6,6,0,0,Attchd,1958.0,1,1,294,3,3,2,0,0,0,0,0,0,Missing,MnPrv,Missing,0,5,2009,COD,Abnorml,11.842236406331555,2368,52,45,30,0.0,1.0,1,0,1,0,1,1
21,60,RL,101.0,14215,Missing,2,3,Corner,2,NridgHt,Norm,1Fam,2Story,8,5,2005,2006,Gable,VinylSd,VinylSd,BrkFace,380.0,4,3,PConc,5,3,3,1,0,1,0,1158,1158,5,Y,SBrkr,1158,1218,0,2376,0,0,3,1,4,1,4,9,7,1,4,BuiltIn,2005.0,2,3,853,3,3,2,240,154,0,0,0,0,Missing,Missing,Missing,0,11,2006,New,Partial,12.692506186542177,3534,2,1,40,0.0,3.5,1,1,1,0,0,1
22,45,RM,57.0,7449,Grvl,3,2,Inside,2,IDOTRR,Norm,1Fam,1.5Unf,7,7,1930,1950,Gable,Wd Sdng,Wd Sdng,Missing,0.0,3,3,PConc,3,3,1,1,0,1,0,637,637,5,Y,FuseF,1108,0,0,1108,0,0,1,0,3,1,4,6,7,1,4,Attchd,1930.0,1,1,280,3,3,0,0,0,205,0,0,0,Missing,GdPrv,Missing,0,6,2007,WD,Normal,11.845109950883979,1745,78,58,49,0.0,1.0,1,0,1,0,0,1
23,20,RL,75.0,9742,Missing,3,3,Inside,2,CollgCr,Norm,1Fam,1Story,8,5,2002,2002,Hip,VinylSd,VinylSd,BrkFace,281.0,4,3,PConc,4,3,1,1,0,1,0,1777,1777,5,Y,SBrkr,1795,0,0,1795,0,0,2,0,3,1,4,7,7,1,4,Attchd,2002.0,2,2,534,3,3,2,171,159,0,0,0,0,Missing,Missing,Missing,0,9,2008,WD,Normal,12.345838935721968,3572,7,7,40,0.0,2.0,1,0,1,0,0,1
24,120,RM,44.0,4224,Missing,3,3,Inside,2,MeadowV,Norm,TwnhsE,1Story,5,7,1976,1976,Gable,CemntBd,CmentBd,Missing,0.0,3,3,PConc,4,3,1,6,840,1,0,200,1040,3,Y,SBrkr,1060,0,0,1060,1,0,1,0,3,1,3,6,7,1,3,Attchd,1976.0,1,2,572,3,3,2,100,110,0,0,0,0,Missing,Missing,Missing,0,6,2007,WD,Normal,11.774527900858468,2100,32,32,35,1.5,1.0,1,0,1,0,1,1
25,20,RL,68.0,8246,Missing,2,3,Inside,2,Sawyer,Norm,1Fam,1Story,5,8,1968,2001,Gable,Plywood,Plywood,Missing,0.0,3,4,CBlock,3,3,2,3,188,5,668,204,1060,5,Y,SBrkr,1060,0,0,1060,1,0,1,0,3,1,4,6,7,1,3,Attchd,1968.0,1,1,270,3,3,2,406,90,0,0,0,0,Missing,MnPrv,Missing,0,5,2010,WD,Normal,11.944714374881176,2120,43,10,40,1.5,1.0,1,0,1,0,0,1
26,20,RL,110.0,14230,Missing,3,3,Corner,2,NridgHt,Norm,1Fam,1Story,8,5,2007,2007,Gable,VinylSd,VinylSd,Stone,640.0,4,3,PConc,4,3,1,1,0,1,0,1566,1566,5,Y,SBrkr,1600,0,0,1600,0,0,2,0,3,1,4,7,7,1,4,Attchd,2007.0,2,3,890,3,3,2,0,56,0,0,0,0,Missing,Missing,Missing,0,7,2009,WD,Normal,12.454107814022272,3166,3,3,40,0.0,2.0,1,0,1,0,0,1
27,20,RL,60.0,7200,Missing,3,3,Corner,2,NAmes,Norm,1Fam,1Story,5,7,1951,2000,Gable,Wd Sdng,Wd Sdng,Missing,0.0,3,3,CBlock,3,3,2,4,234,3,486,180,900,3,Y,SBrkr,900,0,0,900,0,1,1,0,3,1,4,5,7,0,0,Detchd,2005.0,1,2,576,3,3,2,222,32,0,0,0,0,Missing,Missing,Missing,0,5,2010,WD,Normal,11.811554895830454,1800,60,11,35,0.0,1.0,1,0,1,0,0,1
28,20,RL,98.0,11478,Missing,3,3,Inside,2,NridgHt,Norm,1Fam,1Story,8,5,2007,2008,Gable,VinylSd,VinylSd,Stone,200.0,4,3,PConc,5,3,1,6,1218,1,0,486,1704,5,Y,SBrkr,1704,0,0,1704,1,0,2,0,3,1,4,7,7,1,4,Attchd,2008.0,2,3,772,3,3,2,0,50,0,0,0,0,Missing,Missing,Missing,0,5,2010,WD,Normal,12.631343648903034,3408,4,3,40,1.5,2.0,1,0,1,0,0,1
29,20,RL,47.0,16321,Missing,2,3,CulDSac,2,NAmes,Norm,1Fam,1Story,5,6,1957,1997,Gable,MetalSd,MetalSd,Missing,0.0,3,3,CBlock,3,3,4,4,1277,1,0,207,1484,3,Y,SBrkr,1600,0,0,1600,1,0,1,0,2,1,3,6,7,2,4,Attchd,1957.0,2,1,319,3,3,2,288,258,0,0,0,0,Missing,Missing,Missing,0,12,2006,WD,Normal,12.242891437918386,3084,50,10,30,1.5,1.0,1,0,1,0,0,1
30,30,RM,60.0,6324,Missing,2,3,Inside,2,BrkSide,Feedr,1Fam,1Story,4,6,1927,1950,Gable,MetalSd,MetalSd,Missing,0.0,3,3,BrkTil,3,3,1,1,0,1,0,520,520,2,N,SBrkr,520,0,0,520,0,0,1,0,1,1,2,4,7,0,0,Detchd,1920.0,1,1,240,2,3,2,49,0,87,0,0,0,Missing,Missing,Missing,0,5,2008,WD,Normal,11.134603622683905,1040,82,59,24,0.0,1.0,1,0,1,0,0,1
31,70,C (all),50.0,8500,Pave,3,3,Inside,2,IDOTRR,Feedr,1Fam,2Story,4,4,1920,1950,Gambrel,BrkFace,BrkFace,Missing,0.0,3,2,BrkTil,3,3,1,1,0,1,0,649,649,3,N,SBrkr,649,668,0,1317,0,0,1,0,3,1,3,6,7,0,0,Detchd,1920.0,1,1,250,3,2,0,0,54,172,0,0,0,Missing,MnPrv,Missing,0,7,2008,WD,Normal,10.596659732783579,1966,89,59,16,0.0,1.0,1,0,1,0,0,1
32,20,RL,68.0,8544,Missing,2,3,CulDSac,2,Sawyer,Norm,1Fam,1Story,5,6,1966,2006,Gable,HdBoard,HdBoard,Missing,0.0,3,3,CBlock,3,3,1,1,0,1,0,1228,1228,4,Y,SBrkr,1228,0,0,1228,0,0,1,1,3,1,4,6,7,0,0,Attchd,1966.0,1,1,271,3,3,2,0,65,0,0,0,0,Missing,MnPrv,Missing,0,6,2008,WD,Normal,11.914054519303125,2456,43,3,30,0.0,1.5,1,0,1,0,0,1
33,20,RL,85.0,11049,Missing,3,3,Corner,2,CollgCr,Norm,1Fam,1Story,8,5,2007,2007,Gable,VinylSd,VinylSd,Missing,0.0,4,3,PConc,5,3,3,1,0,1,0,1234,1234,5,Y,SBrkr,1234,0,0,1234,0,0,2,0,3,1,4,7,7,0,0,Attchd,2007.0,2,2,484,3,3,2,0,30,0,0,0,0,Missing,Missing,Missing,0,1,2008,WD,Normal,12.100161978566867,2468,2,2,40,0.0,2.0,1,0,1,0,0,1
34,20,RL,70.0,10552,Missing,2,3,Inside,2,NAmes,Norm,1Fam,1Story,5,5,1959,1959,Hip,BrkFace,BrkFace,Missing,0.0,3,3,CBlock,3,3,1,3,1018,1,0,380,1398,4,Y,SBrkr,1700,0,0,1700,0,1,1,1,4,1,4,6,7,1,4,Attchd,1959.0,2,2,447,3,3,2,0,38,0,0,0,0,Missing,Missing,Missing,0,4,2010,WD,Normal,12.016732516077072,3098,52,52,25,0.0,1.5,1,0,1,0,0,1
35,120,RL,60.0,7313,Missing,3,3,Inside,2,NridgHt,Norm,TwnhsE,1Story,9,5,2005,2005,Hip,MetalSd,MetalSd,BrkFace,246.0,5,3,PConc,5,3,1,6,1153,1,0,408,1561,5,Y,SBrkr,1561,0,0,1561,1,0,2,0,2,1,5,6,7,1,4,Attchd,2005.0,3,2,556,3,3,2,203,47,0,0,0,0,Missing,Missing,Missing,0,8,2007,WD,Normal,12.533579815765737,3122,3,3,45,1.5,2.0,1,0,1,0,0,1
36,60,RL,108.0,13418,Missing,3,3,Inside,2,NridgHt,Norm,1Fam,2Story,8,5,2004,2005,Gable,VinylSd,VinylSd,Stone,132.0,4,3,PConc,5,3,3,1,0,1,0,1117,1117,5,Y,SBrkr,1132,1320,0,2452,0,0,3,1,4,1,4,9,7,1,4,BuiltIn,2004.0,3,3,691,3,3,2,113,32,0,0,0,0,Missing,Missing,Missing,0,9,2006,WD,Normal,12.6410997921206,3569,3,2,40,0.0,3.5,1,0,1,0,0,1
37,20,RL,112.0,10859,Missing,3,3,Corner,2,CollgCr,Norm,1Fam,1Story,5,5,1994,1995,Gable,VinylSd,VinylSd,Missing,0.0,3,3,PConc,4,3,1,1,0,1,0,1097,1097,5,Y,SBrkr,1097,0,0,1097,0,0,1,1,3,1,3,6,7,0,0,Attchd,1995.0,1,2,672,3,3,2,392,64,0,0,0,0,Missing,Missing,Missing,0,6,2009,WD,Normal,11.884495917930655,2194,16,15,25,0.0,1.5,1,0,1,0,0,1
38,20,RL,74.0,8532,Missing,3,3,Inside,2,NAmes,Norm,1Fam,1Story,5,6,1954,1990,Hip,Wd Sdng,Wd Sdng,BrkFace,650.0,3,3,CBlock,3,3,1,3,1213,1,0,84,1297,4,Y,SBrkr,1297,0,0,1297,0,1,1,0,3,1,3,5,7,1,3,Attchd,1954.0,3,2,498,3,3,2,0,0,0,0,0,0,Missing,Missing,Missing,0,10,2009,WD,Normal,11.938199736300925,2594,56,20,30,0.0,1.0,1,0,1,0,0,1
39,20,RL,68.0,7922,Missing,3,3,Inside,2,NAmes,Norm,1Fam,1Story,5,7,1953,2007,Gable,VinylSd,VinylSd,Missing,0.0,3,4,CBlock,3,3,1,6,731,1,0,326,1057,3,Y,SBrkr,1057,0,0,1057,1,0,1,0,3,1,4,5,7,0,0,Detchd,1953.0,1,1,246,3,3,2,0,52,0,0,0,0,Missing,Missing,Missing,0,1,2010,WD,Abnorml,11.599112335481124,2114,58,4,35,1.5,1.0,1,0,1,0,0,1
40,90,RL,65.0,6040,Missing,3,3,Inside,2,Edwards,Norm,Duplex,1Story,4,5,1955,1955,Gable,AsbShng,Plywood,Missing,0.0,3,3,PConc,0,0,0,0,0,0,0,0,0,3,N,FuseP,1152,0,0,1152,0,0,2,0,2,2,2,6,7,0,0,None,1973.0,0,0,0,0,0,0,0,0,0,0,0,0,Missing,Missing,Missing,0,6,2008,WD,AdjLand,11.314486721293981,1152,54,54,20,0.0,2.0,0,0,0,0,1,1
41,20,RL,84.0,8658,Missing,3,3,Inside,2,NAmes,Norm,1Fam,1Story,6,5,1965,1965,Gable,Wd Sdng,Wd Sdng,BrkFace,101.0,3,3,CBlock,3,3,1,3,643,1,0,445,1088,5,Y,SBrkr,1324,0,0,1324,0,0,2,0,3,1,3,6,7,1,3,Attchd,1965.0,2,2,440,3,3,2,0,138,0,0,0,0,Missing,GdWo,Missing,0,12,2006,WD,Abnorml,11.982935344196433,2412,42,42,30,0.0,2.0,1,0,1,0,0,1
42,20,RL,115.0,16905,Missing,3,3,Inside,2,Timber,Norm,1Fam,1Story,5,6,1959,1959,Gable,VinylSd,VinylSd,Missing,0.0,3,4,CBlock,3,3,4,4,967,1,0,383,1350,4,Y,SBrkr,1328,0,0,1328,0,1,1,1,2,1,3,5,7,2,4,Attchd,1959.0,2,1,308,3,3,1,0,104,0,0,0,0,Missing,Missing,Missing,0,7,2007,WD,Normal,12.04355959836804,2678,49,49,30,0.0,1.5,1,0,1,0,0,1
43,85,RL,68.0,9180,Missing,2,3,CulDSac,2,SawyerW,Norm,1Fam,SFoyer,5,7,1983,1983,Gable,HdBoard,HdBoard,Missing,0.0,3,3,CBlock,4,3,3,5,747,2,93,0,840,4,Y,SBrkr,884,0,0,884,1,0,1,0,2,1,4,5,7,0,0,Attchd,1983.0,2,2,504,3,4,2,240,0,0,0,0,0,Missing,MnPrv,Missing,0,12,2007,WD,Normal,11.87757552297847,1724,25,25,35,1.5,1.0,1,0,1,0,0,1
44,20,RL,68.0,9200,Missing,2,3,CulDSac,2,CollgCr,Norm,1Fam,1Story,5,6,1975,1980,Hip,VinylSd,VinylSd,Missing,0.0,3,3,CBlock,4,3,3,2,280,4,491,167,938,3,Y,SBrkr,938,0,0,938,1,0,1,0,3,1,3,5,7,0,0,Detchd,1977.0,1,1,308,3,3,2,145,0,0,0,0,0,Missing,MnPrv,Missing,0,7,2008,WD,Normal,11.777218637129327,1876,34,29,30,1.5,1.0,1,0,1,0,0,1
45,20,RL,70.0,7945,Missing,3,3,Inside,2,NAmes,Norm,1Fam,1Story,5,6,1959,1959,Gable,BrkFace,Wd Sdng,Missing,0.0,3,3,CBlock,3,3,1,5,179,4,506,465,1150,5,Y,FuseA,1150,0,0,1150,1,0,1,0,3,1,3,6,7,0,0,Attchd,1959.0,2,1,300,3,3,2,0,0,0,0,0,0,Missing,Missing,Missing,0,5,2006,WD,Normal,11.856522261533737,2300,48,48,30,1.5,1.0,1,0,1,0,1,1
46,120,RL,61.0,7658,Missing,3,3,Inside,2,NridgHt,Norm,TwnhsE,1Story,9,5,2005,2005,Hip,MetalSd,MetalSd,BrkFace,412.0,5,3,PConc,5,3,1,6,456,1,0,1296,1752,5,Y,SBrkr,1752,0,0,1752,1,0,2,0,2,1,5,6,7,1,4,Attchd,2005.0,2,2,576,3,3,2,196,82,0,0,0,0,Missing,Missing,Missing,0,2,2010,WD,Normal,12.675766851909591,3504,6,6,45,1.5,2.0,1,0,1,0,0,1
47,50,RL,48.0,12822,Missing,2,3,CulDSac,2,Mitchel,Norm,1Fam,1.5Fin,7,5,2003,2003,Gable,VinylSd,VinylSd,Missing,0.0,4,3,PConc,5,3,1,6,1351,1,0,83,1434,5,Y,SBrkr,1518,631,0,2149,1,0,1,1,1,1,4,6,7,1,5,Attchd,2003.0,2,2,670,3,3,2,168,43,0,0,198,0,Missing,Missing,Missing,0,8,2009,WD,Abnorml,12.387089184491993,3583,7,7,35,1.5,1.5,1,0,1,0,0,1
48,20,FV,84.0,11096,Missing,3,3,Inside,2,Somerst,Norm,1Fam,1Story,8,5,2006,2006,Gable,VinylSd,VinylSd,Missing,0.0,4,3,PConc,4,3,3,6,24,1,0,1632,1656,5,Y,SBrkr,1656,0,0,1656,0,0,2,0,3,1,4,7,7,0,0,Attchd,2006.0,2,3,826,3,3,2,0,146,0,0,0,0,Missing,Missing,Missing,0,7,2007,WD,Normal,12.428019481065613,3312,2,2,40,0.0,2.0,1,0,1,0,0,1
49,190,RM,33.0,4456,Missing,3,3,Inside,2,OldTown,Norm,2fmCon,2Story,4,5,1920,2008,Gable,MetalSd,MetalSd,Missing,0.0,3,3,BrkTil,3,3,1,1,0,1,0,736,736,4,Y,SBrkr,736,716,0,1452,0,0,2,0,2,3,3,8,7,0,0,None,1974.0,0,0,0,0,0,0,0,0,102,0,0,0,Missing,Missing,Missing,0,6,2009,New,Partial,11.635151947212842,2188,90,2,20,0.0,2.0,1,1,0,0,0,1
50,20,RL,66.0,7742,Missing,3,3,Inside,2,Sawyer,Norm,1Fam,1Story,5,7,1966,1966,Gable,HdBoard,HdBoard,Missing,0.0,3,3,CBlock,3,3,1,4,763,1,0,192,955,5,Y,SBrkr,955,0,0,955,1,0,1,0,3,1,3,6,7,0,0,Attchd,1966.0,1,1,386,3,3,2,0,0,0,0,0,0,Missing,MnPrv,Missing,0,1,2007,WD,Normal,11.751950239425476,1910,42,42,35,1.5,1.0,1,0,1,0,0,1
51,60,RL,68.0,13869,Missing,1,3,Corner,2,Gilbert,Norm,1Fam,2Story,6,6,1997,1997,Gable,VinylSd,VinylSd,Missing,0.0,3,3,PConc,4,3,3,6,182,1,0,612,794,4,Y,SBrkr,794,676,0,1470,0,1,2,0,3,1,3,6,7,0,0,Attchd,1997.0,3,2,388,3,3,2,0,75,0,0,0,0,Missing,Missing,Missing,0,7,2007,WD,Normal,12.083910661257521,2264,11,11,36,0.0,2.0,1,0,1,0,0,1
52,50,RM,52.0,6240,Missing,3,3,Inside,2,BrkSide,Norm,1Fam,1.5Fin,6,6,1934,1950,Gable,Wd Sdng,Wd Sdng,Missing,0.0,3,3,PConc,3,3,1,1,0,1,0,816,816,3,Y,SBrkr,816,0,360,1176,0,0,1,0,3,1,3,6,7,1,4,Detchd,1985.0,1,2,528,3,3,2,112,0,0,0,0,0,Missing,MnPrv,Shed,400,9,2006,WD,Normal,11.648338835562747,1632,73,57,36,0.0,1.0,1,0,1,0,0,1
53,90,RM,110.0,8472,Missing,1,2,Corner,1,IDOTRR,RRNn,Duplex,1Story,5,5,1963,1963,Gable,Wd Sdng,Wd Sdng,Missing,0.0,2,3,CBlock,4,3,4,2,104,6,712,0,816,3,N,SBrkr,816,0,0,816,1,0,1,0,2,1,3,5,7,0,0,CarPort,1963.0,1,2,516,3,3,2,106,0,0,0,0,0,Missing,Missing,Missing,0,5,2010,WD,Normal,11.608244735642321,1632,48,48,25,1.5,1.0,1,0,1,0,0,1
54,20,RL,68.0,50271,Missing,2,0,Inside,2,Veenker,Norm,1Fam,1Story,9,5,1981,1987,Gable,WdShing,Wd Shng,Missing,0.0,4,3,CBlock,5,3,4,6,1810,1,0,32,1842,4,Y,SBrkr,1842,0,0,1842,2,0,0,1,0,1,4,5,7,1,4,Attchd,1981.0,3,3,894,3,3,2,857,72,0,0,0,0,Missing,Missing,Missing,0,11,2006,WD,Normal,12.861001210669146,3684,26,20,45,3.0,0.5,1,0,1,0,1,1
55,80,RL,60.0,7134,Missing,3,2,Inside,1,NAmes,Norm,1Fam,SLvl,5,5,1955,1955,Gable,MetalSd,MetalSd,Missing,0.0,3,3,CBlock,3,3,1,5,384,1,0,0,384,3,Y,SBrkr,1360,0,0,1360,0,0,1,0,3,1,3,6,6,1,3,Detchd,1962.0,1,2,572,3,3,2,0,50,0,0,0,0,Missing,MnPrv,Missing,0,2,2007,WD,Normal,11.775297421715827,1744,53,53,25,0.0,1.0,1,0,1,0,0,1
56,20,RL,100.0,10175,Missing,2,3,Inside,2,NAmes,Norm,1Fam,1Story,6,5,1964,1964,Gable,HdBoard,Plywood,BrkFace,272.0,3,3,CBlock,3,3,1,4,490,1,0,935,1425,4,Y,SBrkr,1425,0,0,1425,0,0,2,0,3,1,3,7,7,1,4,Attchd,1964.0,2,2,576,3,3,2,0,0,0,407,0,0,Missing,Missing,Missing,0,7,2008,WD,Normal,12.103491596905931,2850,45,45,30,0.0,2.0,1,0,1,0,1,1
57,160,FV,24.0,2645,Pave,3,3,Inside,2,Somerst,Norm,Twnhs,2Story,8,5,1999,2000,Gable,MetalSd,MetalSd,BrkFace,456.0,4,3,PConc,4,3,1,6,649,1,0,321,970,5,Y,SBrkr,983,756,0,1739,1,0,2,1,3,1,4,7,7,0,0,Attchd,1999.0,3,2,480,3,3,2,115,0,0,0,0,0,Missing,Missing,Missing,0,8,2009,WD,Abnorml,12.058158312538197,2709,11,10,40,1.5,2.5,1,0,1,0,0,1
58,60,RL,89.0,11645,Missing,2,3,Corner,2,CollgCr,Norm,1Fam,2Story,7,5,2004,2004,Gable,VinylSd,VinylSd,Missing,0.0,4,3,PConc,4,3,1,1,0,1,0,860,860,5,Y,SBrkr,860,860,0,1720,0,0,2,1,3,1,4,7,7,0,0,Attchd,2004.0,2,2,565,3,3,2,0,70,0,0,0,0,Missing,Missing,Missing,0,8,2006,WD,Normal,12.188422799337028,2580,3,3,35,0.0,2.5,1,0,1,0,0,1
59,60,RL,66.0,13682,Missing,1,1,CulDSac,2,StoneBr,Norm,1Fam,2Story,10,5,2006,2006,Hip,VinylSd,VinylSd,BrkFace,1031.0,5,3,PConc,5,3,4,1,0,1,0,1410,1410,5,Y,SBrkr,1426,1519,0,2945,0,0,3,1,3,1,4,10,7,1,4,BuiltIn,2006.0,3,3,641,3,3,2,192,0,37,0,0,0,Missing,Missing,Missing,0,10,2006,New,Partial,12.991755706536901,4355,1,1,50,0.0,3.5,1,1,1,0,0,1
60,20,RL,60.0,7200,Missing,3,2,Inside,2,CollgCr,Norm,1Fam,1Story,5,7,1972,1972,Gable,HdBoard,HdBoard,Missing,0.0,3,3,CBlock,3,3,3,5,632,1,0,148,780,5,Y,SBrkr,780,0,0,780,0,0,1,0,2,1,3,4,7,0,0,Detchd,1973.0,1,1,352,3,3,2,196,0,0,0,0,0,Missing,MnPrv,Missing,0,1,2008,WD,Normal,11.735276702486741,1560,37,37,35,0.0,1.0,1,0,1,0,0,1
61,20,RL,63.0,13072,Missing,3,3,Inside,2,SawyerW,RRAe,1Fam,1Story,6,5,2004,2004,Gable,VinylSd,VinylSd,Missing,0.0,3,3,PConc,4,3,1,5,941,1,0,217,1158,5,Y,SBrkr,1158,0,0,1158,1,0,1,1,3,1,4,5,7,0,0,Detchd,2006.0,1,2,576,3,3,2,0,50,0,0,0,0,Missing,Missing,Missing,0,5,2006,New,Partial,11.970356641102999,2316,3,3,30,1.5,1.5,1,1,1,0,0,1
62,75,RM,60.0,7200,Missing,3,3,Inside,2,IDOTRR,Norm,1Fam,2.5Unf,5,7,1920,1996,Gable,MetalSd,MetalSd,Missing,0.0,3,3,BrkTil,3,2,1,1,0,1,0,530,530,3,N,SBrkr,581,530,0,1111,0,0,1,0,3,1,2,6,7,0,0,Detchd,1935.0,1,1,288,3,3,0,0,0,144,0,0,0,Missing,Missing,Missing,0,3,2007,WD,Normal,11.522885696764481,1641,88,12,35,0.0,1.0,1,0,1,0,0,1
63,120,RL,44.0,6442,Missing,2,3,Inside,2,NridgHt,Norm,TwnhsE,1Story,8,5,2006,2006,Gable,VinylSd,VinylSd,Stone,178.0,4,3,PConc,4,4,2,6,24,1,0,1346,1370,5,Y,SBrkr,1370,0,0,1370,0,0,2,0,2,1,4,6,7,1,4,Attchd,2006.0,2,2,484,3,3,2,120,49,0,0,0,0,Missing,Missing,Missing,0,10,2007,WD,Normal,12.218500103788143,2740,2,2,40,0.0,2.0,1,0,1,0,0,1
64,70,RM,50.0,10300,Missing,2,2,Inside,2,OldTown,RRAn,1Fam,2Story,7,6,1921,1950,Gable,Stucco,Stucco,Missing,0.0,3,3,BrkTil,3,3,1,1,0,1,0,576,576,4,Y,SBrkr,902,808,0,1710,0,0,2,0,3,1,3,9,7,0,0,Detchd,1990.0,1,2,480,3,3,2,12,11,64,0,0,0,Missing,GdPrv,Missing,0,4,2010,WD,Normal,11.849404844423074,2286,90,61,42,0.0,2.0,1,0,1,0,0,1
65,60,RL,68.0,9375,Missing,3,3,Inside,2,CollgCr,Norm,1Fam,2Story,7,5,1997,1998,Gable,VinylSd,VinylSd,BrkFace,573.0,3,3,PConc,4,3,1,6,739,1,0,318,1057,5,Y,SBrkr,1057,977,0,2034,1,0,2,1,3,1,4,8,7,0,0,Attchd,1998.0,2,2,645,3,3,2,576,36,0,0,0,0,Missing,GdPrv,Missing,0,2,2009,WD,Normal,12.299112067295642,3091,13,12,35,1.5,2.5,1,0,1,0,0,1
66,60,RL,76.0,9591,Missing,3,3,Inside,2,NridgHt,Norm,1Fam,2Story,8,5,2004,2005,Gable,VinylSd,VinylSd,BrkFace,344.0,4,3,PConc,5,3,3,1,0,1,0,1143,1143,5,Y,SBrkr,1143,1330,0,2473,0,0,2,1,4,1,4,9,7,1,4,BuiltIn,2004.0,2,3,852,3,3,2,192,151,0,0,0,0,Missing,Missing,Missing,0,10,2007,WD,Normal,12.666660207428574,3616,4,3,40,0.0,2.5,1,0,1,0,0,1
67,20,RL,68.0,19900,Missing,3,3,Inside,2,NAmes,PosA,1Fam,1Story,7,5,1970,1989,Gable,Plywood,Plywood,BrkFace,287.0,3,3,CBlock,4,3,4,6,912,1,0,1035,1947,3,Y,SBrkr,2207,0,0,2207,1,0,2,0,3,1,3,7,6,1,4,Attchd,1970.0,2,2,576,3,3,2,301,0,0,0,0,0,Missing,Missing,Missing,0,7,2010,WD,Normal,12.100717685412471,4154,41,22,35,1.5,2.0,1,0,1,0,0,1
68,20,RL,72.0,10665,Missing,2,3,Inside,2,CollgCr,Norm,1Fam,1Story,7,5,2003,2003,Gable,VinylSd,VinylSd,BrkFace,167.0,4,3,PConc,4,3,3,6,1013,1,0,440,1453,5,Y,SBrkr,1479,0,0,1479,1,0,2,0,3,1,4,7,7,0,0,Attchd,2003.0,2,2,558,3,3,2,144,29,0,0,0,0,Missing,Missing,Missing,0,6,2007,WD,Normal,12.328294703023394,2932,5,5,35,1.5,2.0,1,0,1,0,0,1
69,30,RM,47.0,4608,Missing,3,3,Corner,2,OldTown,Artery,1Fam,1Story,4,6,1945,1950,Gable,MetalSd,MetalSd,Missing,0.0,3,4,CBlock,3,3,1,1,0,1,0,747,747,3,Y,SBrkr,747,0,0,747,0,0,1,0,2,1,3,4,7,0,0,Attchd,1945.0,1,1,220,3,3,2,0,0,0,0,0,0,Missing,Missing,Missing,0,6,2010,WD,Normal,11.289794413577894,1494,66,61,24,0.0,1.0,1,0,1,0,0,1
70,50,RL,81.0,15593,Missing,3,3,Corner,2,ClearCr,Norm,1Fam,1.5Fin,7,4,1953,1953,Gable,BrkFace,AsbShng,Missing,0.0,4,3,CBlock,3,3,1,4,603,1,0,701,1304,3,Y,SBrkr,1304,983,0,2287,0,0,2,0,3,1,3,7,7,1,3,Attchd,1953.0,3,2,667,3,3,2,0,21,114,0,0,0,Missing,Missing,Missing,0,7,2006,WD,Normal,12.323860125621126,3591,54,54,28,0.0,2.0,1,0,1,0,1,1
71,20,RL,95.0,13651,Missing,2,3,Inside,2,NAmes,Norm,1Fam,1Story,7,6,1973,1973,Gable,Plywood,Plywood,BrkFace,1115.0,3,4,CBlock,4,3,4,5,1880,1,0,343,2223,5,Y,SBrkr,2223,0,0,2223,1,0,2,0,3,1,3,8,7,2,4,Attchd,1973.0,3,2,516,3,3,2,300,0,0,0,0,0,Missing,Missing,Missing,0,2,2007,WD,Normal,12.404927602627597,4446,35,35,42,1.5,2.0,1,0,1,0,0,1
72,20,RL,69.0,7599,Missing,3,3,Corner,2,Mitchel,Norm,1Fam,1Story,4,6,1982,2006,Gable,HdBoard,Plywood,Missing,0.0,3,3,CBlock,3,3,1,5,565,1,0,280,845,3,Y,SBrkr,845,0,0,845,1,0,1,0,2,1,3,4,7,0,0,Detchd,1987.0,1,2,360,3,3,2,0,0,0,0,0,0,Missing,Missing,Missing,0,6,2007,WD,Normal,11.771443882099637,1690,26,2,24,1.5,1.0,1,0,1,0,1,1
73,60,RL,74.0,10141,Missing,2,3,Corner,2,Gilbert,Norm,1Fam,2Story,7,5,1998,1998,Gable,VinylSd,VinylSd,BrkFace,40.0,3,3,PConc,4,3,1,1,0,1,0,832,832,4,Y,SBrkr,885,833,0,1718,0,0,2,1,3,1,3,7,7,1,3,Attchd,1998.0,3,2,427,3,3,2,0,94,0,0,291,0,Missing,Missing,Missing,0,12,2009,WD,Normal,12.128116509451258,2550,12,12,35,0.0,2.5,1,0,1,0,0,1
74,20,RL,85.0,10200,Missing,3,3,Inside,2,NAmes,Norm,1Fam,1Story,5,7,1954,2003,Gable,Wd Sdng,Wd Sdng,BrkFace,104.0,3,3,CBlock,3,3,1,5,320,4,362,404,1086,4,Y,SBrkr,1086,0,0,1086,1,0,1,0,3,1,3,6,7,0,0,Attchd,1989.0,1,2,490,3,3,2,0,0,0,0,0,0,Missing,GdWo,Missing,0,5,2010,WD,Normal,11.88380602959621,2172,57,8,35,1.5,1.0,1,0,1,0,0,1
75,50,RM,60.0,5790,Missing,3,3,Corner,2,OldTown,Norm,1Fam,2Story,3,6,1915,1950,Gambrel,VinylSd,VinylSd,Missing,0.0,4,4,CBlock,2,3,1,1,0,1,0,840,840,4,N,SBrkr,840,765,0,1605,0,0,2,0,3,2,3,8,7,0,0,Detchd,1915.0,1,1,379,3,3,2,0,0,202,0,0,0,Missing,Missing,Missing,0,5,2010,WD,Normal,11.58432477200052,2445,96,61,18,0.0,2.0,1,0,1,0,0,1
76,180,RM,21.0,1596,Missing,3,3,Inside,2,MeadowV,Norm,Twnhs,SLvl,4,5,1973,1973,Gable,CemntBd,CmentBd,Missing,0.0,3,3,CBlock,4,3,4,6,462,1,0,0,462,3,Y,SBrkr,526,462,0,988,1,0,1,0,2,1,3,5,7,0,0,BuiltIn,1973.0,1,1,297,3,3,2,120,101,0,0,0,0,Missing,GdWo,Missing,0,11,2009,WD,Normal,11.418625774449598,1450,37,37,20,1.5,1.0,1,0,1,0,1,1
77,20,RL,68.0,8475,Missing,2,3,Inside,2,NAmes,Norm,1Fam,1Story,4,7,1956,1956,Gable,VinylSd,VinylSd,Missing,0.0,3,3,CBlock,3,3,1,5,228,1,0,724,952,5,Y,FuseA,952,0,0,952,0,0,1,0,2,1,3,4,7,0,0,Detchd,1956.0,1,1,283,3,3,2,0,0,0,0,0,0,Missing,Missing,Missing,0,4,2008,WD,Normal,11.818577604251555,1904,53,53,28,0.0,1.0,1,0,1,0,0,1
78,50,RM,50.0,8635,Missing,3,3,Inside,2,BrkSide,Norm,1Fam,1.5Fin,5,5,1948,2001,Gable,Wd Sdng,Wd Sdng,Missing,0.0,3,3,CBlock,3,3,1,4,336,6,41,295,672,3,Y,SBrkr,1072,213,0,1285,1,0,1,0,2,1,3,6,6,0,0,Detchd,1948.0,1,1,240,3,3,2,0,0,0,0,0,0,Missing,MnPrv,Missing,0,1,2008,WD,Normal,11.751950239425476,1957,61,8,25,1.5,1.0,1,0,1,0,0,1
79,90,RL,72.0,10778,Missing,3,3,Inside,2,Sawyer,Norm,Duplex,1Story,4,5,1968,1968,Hip,HdBoard,HdBoard,Missing,0.0,3,3,CBlock,3,3,1,1,0,1,0,1768,1768,3,N,SBrkr,1768,0,0,1768,0,0,2,0,4,2,3,8,7,0,0,None,1975.0,0,0,0,0,0,2,0,0,0,0,0,0,Missing,Missing,Missing,0,4,2010,WD,Normal,11.824087219587643,3536,43,43,20,0.0,2.0,1,0,0,0,0,1
80,50,RM,60.0,10440,Grvl,3,3,Corner,2,OldTown,Norm,1Fam,2Story,5,6,1910,1981,Gable,Wd Sdng,Wd Sdng,Missing,0.0,3,3,PConc,3,3,1,1,0,1,0,440,440,4,Y,SBrkr,682,548,0,1230,0,0,1,1,2,1,3,5,7,0,0,Detchd,1966.0,1,2,440,3,3,2,74,0,128,0,0,0,Missing,MnPrv,Missing,0,5,2009,WD,Normal,11.608244735642321,1670,100,29,30,0.0,1.5,1,0,1,0,0,1
81,60,RL,100.0,13000,Missing,3,3,Corner,2,NAmes,Norm,1Fam,2Story,6,6,1968,1968,Gable,VinylSd,VinylSd,BrkFace,576.0,3,4,CBlock,4,3,1,3,448,1,0,448,896,3,Y,SBrkr,1182,960,0,2142,0,0,2,1,4,1,4,8,7,1,4,Attchd,1968.0,3,1,509,3,3,2,0,72,0,0,252,0,Missing,Missing,Missing,0,6,2009,WD,Normal,12.173037959397275,3038,42,42,36,0.0,2.5,1,0,1,0,0,1
82,120,RM,32.0,4500,Missing,3,3,FR2,2,Mitchel,Norm,TwnhsE,1Story,6,5,1998,1998,Hip,VinylSd,VinylSd,BrkFace,443.0,3,4,PConc,5,4,1,6,1201,1,0,36,1237,5,Y,SBrkr,1337,0,0,1337,1,0,2,0,2,1,3,5,7,0,0,Attchd,1998.0,3,2,405,3,3,2,0,199,0,0,0,0,Missing,Missing,Missing,0,3,2006,WD,Normal,11.941462360646149,2574,9,9,30,1.5,2.0,1,0,1,0,0,1
83,20,RL,78.0,10206,Missing,3,3,Inside,2,Somerst,Norm,1Fam,1Story,8,5,2007,2007,Gable,VinylSd,VinylSd,Stone,468.0,3,3,PConc,4,3,1,6,33,1,0,1530,1563,5,Y,SBrkr,1563,0,0,1563,0,0,2,0,3,1,4,6,7,1,4,Attchd,2007.0,2,3,758,3,3,2,144,99,0,0,0,0,Missing,Missing,Missing,0,10,2008,WD,Normal,12.409017571151187,3126,2,2,40,0.0,2.0,1,0,1,0,0,1
84,20,RL,80.0,8892,Missing,2,3,Inside,2,NAmes,Norm,1Fam,1Story,5,5,1960,1960,Gable,MetalSd,MetalSd,BrkCmn,66.0,3,3,CBlock,3,3,1,1,0,1,0,1065,1065,4,Y,SBrkr,1065,0,0,1065,0,0,1,1,3,1,3,6,7,0,0,Detchd,1974.0,1,2,461,3,3,2,74,0,0,0,0,0,Missing,Missing,Missing,0,7,2007,COD,Normal,11.748005492256807,2130,48,48,25,0.0,1.5,1,0,1,0,0,1
85,80,RL,68.0,8530,Missing,2,3,Inside,2,Gilbert,Norm,1Fam,SLvl,7,5,1995,1996,Gable,HdBoard,HdBoard,BrkFace,22.0,3,3,PConc,4,3,1,1,0,1,0,384,384,4,Y,SBrkr,804,670,0,1474,0,0,2,1,3,1,3,7,7,1,3,BuiltIn,1995.0,3,2,400,3,3,2,120,72,0,0,0,0,Missing,Missing,Shed,700,5,2009,WD,Normal,12.034696963475044,1858,15,14,35,0.0,2.5,1,0,1,0,0,1
86,60,RL,121.0,16059,Missing,3,3,Corner,2,NoRidge,Norm,1Fam,2Story,8,5,1991,1992,Hip,HdBoard,HdBoard,BrkFace,284.0,4,3,CBlock,4,3,1,1,0,1,0,1288,1288,5,Y,SBrkr,1301,1116,0,2417,0,0,2,1,4,1,4,9,7,1,3,Attchd,1991.0,1,2,462,3,3,2,127,82,0,0,0,0,Missing,Missing,Missing,0,4,2006,WD,Normal,12.468440756144114,3705,16,15,40,0.0,2.5,1,0,1,0,0,1
87,60,RL,122.0,11911,Missing,1,3,Inside,2,Gilbert,Norm,1Fam,2Story,6,5,2005,2005,Gable,VinylSd,VinylSd,Missing,0.0,4,3,PConc,4,3,3,1,0,1,0,684,684,5,Y,SBrkr,684,876,0,1560,0,0,2,1,3,1,4,6,7,1,4,BuiltIn,2005.0,3,2,400,3,3,2,100,38,0,0,0,0,Missing,Missing,Missing,0,3,2009,WD,Normal,12.066816325306588,2244,5,5,30,0.0,2.5,1,0,1,0,0,1
88,160,FV,40.0,3951,Pave,3,3,Corner,2,Somerst,Norm,TwnhsE,2Story,6,5,2009,2009,Gable,VinylSd,VinylSd,Stone,76.0,4,3,PConc,4,3,3,1,0,1,0,612,612,5,Y,SBrkr,612,612,0,1224,0,0,2,1,2,1,4,4,7,0,0,Detchd,2009.0,2,2,528,3,3,2,0,234,0,0,0,0,Missing,Missing,Missing,0,6,2009,New,Partial,12.010671928196443,1836,1,1,30,0.0,2.5,1,1,1,0,0,1
89,50,C (all),105.0,8470,Missing,2,3,Corner,2,IDOTRR,Feedr,1Fam,1.5Fin,3,2,1915,1982,Hip,Plywood,Plywood,Missing,0.0,2,2,CBlock,3,2,1,1,0,1,0,1013,1013,3,N,SBrkr,1013,0,513,1526,0,0,1,0,2,1,2,6,7,0,0,None,1974.0,0,0,0,0,0,0,0,0,156,0,0,0,Missing,MnPrv,Missing,0,10,2009,ConLD,Abnorml,11.350418300109132,2026,95,28,6,0.0,1.0,1,0,0,0,0,1
90,20,RL,60.0,8070,Missing,3,3,Inside,2,CollgCr,Norm,1Fam,1Story,4,5,1994,1995,Gable,VinylSd,VinylSd,Missing,0.0,3,3,PConc,4,3,1,6,588,1,0,402,990,5,Y,SBrkr,990,0,0,990,1,0,1,0,3,1,3,5,7,0,0,None,1972.0,0,0,0,0,0,2,0,0,0,0,0,0,Missing,Missing,Missing,0,8,2007,WD,Normal,11.724813914587886,1980,14,13,20,1.5,1.0,1,0,0,0,0,1
91,20,RL,60.0,7200,Missing,3,3,Inside,2,NAmes,Norm,1Fam,1Story,4,5,1950,1950,Gable,BrkFace,Wd Sdng,Missing,0.0,3,3,Slab,0,0,0,0,0,0,0,0,0,3,Y,FuseA,1040,0,0,1040,0,0,1,0,2,1,3,4,7,0,0,Detchd,1950.0,1,2,420,3,3,2,0,29,0,0,0,0,Missing,Missing,Missing,0,7,2006,WD,Normal,11.60733523953139,1040,57,57,20,0.0,1.0,0,0,1,0,1,1
92,20,RL,85.0,8500,Missing,3,3,Inside,2,NAmes,Norm,1Fam,1Story,5,3,1961,1961,Hip,HdBoard,HdBoard,BrkCmn,203.0,3,3,CBlock,3,3,1,3,600,1,0,635,1235,3,Y,SBrkr,1235,0,0,1235,0,0,1,0,2,1,3,6,7,0,0,Attchd,1961.0,1,2,480,3,3,2,0,0,0,0,0,0,Missing,GdWo,Missing,0,12,2006,WD,Abnorml,11.498836682527127,2470,46,46,15,0.0,1.0,1,0,1,0,0,1
93,30,RL,80.0,13360,Grvl,2,1,Inside,2,Crawfor,Norm,1Fam,1Story,5,7,1921,2006,Gable,Wd Sdng,Wd Sdng,Missing,0.0,3,4,BrkTil,4,3,1,5,713,1,0,163,876,5,Y,SBrkr,964,0,0,964,1,0,1,0,2,1,3,5,7,0,0,Detchd,1921.0,1,2,432,3,3,2,0,0,44,0,0,0,Missing,Missing,Missing,0,8,2009,WD,Normal,12.004574385508691,1840,89,4,35,1.5,1.0,1,0,1,0,0,1
94,190,C (all),60.0,7200,Missing,3,3,Corner,2,OldTown,Norm,2fmCon,2.5Unf,6,6,1910,1998,Hip,MetalSd,MetalSd,Missing,0.0,3,3,BrkTil,3,2,2,3,1046,1,0,168,1214,5,N,SBrkr,1260,1031,0,2291,0,1,2,0,4,2,3,9,7,1,4,Detchd,1900.0,1,2,506,3,3,2,0,0,0,0,99,0,Missing,Missing,Missing,0,11,2007,WD,Normal,11.804855999911272,3505,98,10,36,0.0,2.0,1,0,1,0,0,1
95,60,RL,69.0,9337,Missing,2,3,Inside,2,CollgCr,Norm,1Fam,2Story,6,5,1997,1997,Gable,VinylSd,VinylSd,Missing,0.0,3,4,PConc,4,3,1,6,648,1,0,176,824,5,Y,SBrkr,905,881,0,1786,1,0,2,1,3,1,4,7,7,0,0,Attchd,1997.0,2,2,684,3,3,2,0,162,0,0,0,0,Missing,Missing,Missing,0,5,2007,WD,Normal,12.229549885708273,2610,11,11,30,1.5,2.5,1,0,1,0,0,1
96,60,RL,68.0,9765,Missing,1,3,Corner,2,Gilbert,Norm,1Fam,2Story,6,8,1993,1993,Gable,VinylSd,VinylSd,BrkFace,68.0,5,4,PConc,4,4,1,5,310,1,0,370,680,4,Y,SBrkr,680,790,0,1470,0,0,2,1,3,1,3,6,7,1,3,BuiltIn,1993.0,3,2,420,3,3,2,232,63,0,0,0,0,Missing,Missing,Shed,480,4,2009,WD,Normal,12.128116509451258,2150,17,17,48,0.0,2.5,1,0,1,0,0,1
97,20,RL,78.0,10264,Missing,2,3,Inside,2,CollgCr,Norm,1Fam,1Story,7,5,1999,1999,Gable,VinylSd,VinylSd,BrkFace,183.0,4,3,PConc,4,3,3,5,1162,1,0,426,1588,5,Y,SBrkr,1588,0,0,1588,0,0,2,0,3,1,4,6,7,0,0,Attchd,1999.0,2,2,472,3,3,2,158,29,0,0,0,0,Missing,Missing,Missing,0,8,2006,WD,Normal,12.273735966890268,3176,8,8,35,0.0,2.0,1,0,1,0,0,1
98,20,RL,73.0,10921,Missing,3,1,Inside,2,Edwards,Norm,1Fam,1Story,4,5,1965,1965,Hip,HdBoard,HdBoard,BrkFace,48.0,3,3,CBlock,3,3,1,3,520,1,0,440,960,3,Y,FuseF,960,0,0,960,1,0,1,0,3,1,3,6,7,0,0,Attchd,1965.0,3,1,432,3,3,1,120,0,0,0,0,0,Missing,Missing,Missing,0,5,2007,WD,Normal,11.459007676978688,1920,43,43,20,1.5,1.0,1,0,1,0,0,1
99,30,RL,85.0,10625,Missing,3,3,Corner,2,Edwards,Norm,1Fam,1Story,5,5,1920,1950,Gable,Wd Sdng,Wd Sdng,Missing,0.0,3,3,BrkTil,3,3,1,5,108,1,0,350,458,2,N,SBrkr,835,0,0,835,0,0,1,0,2,1,3,5,7,0,0,Basment,1920.0,1,1,366,2,3,2,0,0,77,0,0,0,Missing,Missing,Shed,400,5,2010,COD,Abnorml,11.326607934898927,1293,91,61,25,0.0,1.0,1,0,1,0,0,1
100,20,RL,77.0,9320,Missing,2,3,Inside,2,NAmes,Norm,1Fam,1Story,4,5,1959,1959,Gable,Plywood,Plywood,Missing,0.0,3,3,CBlock,3,3,1,5,569,1,0,381,950,2,Y,SBrkr,1225,0,0,1225,1,0,1,1,3,1,3,6,7,0,0,None,1975.0,0,0,0,0,0,2,352,0,0,0,0,0,Missing,Missing,Shed,400,1,2010,WD,Normal,11.767187766223199,2175,52,52,20,1.5,1.5,1,0,0,0,0,1
