Id,MSSubClass,MSZoning,LotFrontage,LotArea,LotShape,LandContour,LotConfig,LandSlope,Neighborhood,Condition1,BldgType,HouseStyle,OverallQual,OverallCond,YearBuilt,YearRemodAdd,RoofStyle,Exterior1st,Exterior2nd,MasVnrArea,ExterQual,ExterCond,Foundation,BsmtQual,BsmtCond,BsmtExposure,BsmtFinType1,BsmtFinSF1,BsmtFinType2,BsmtFinSF2,BsmtUnfSF,TotalBsmtSF,HeatingQC,CentralAir,Electrical,1stFlrSF,2ndFlrSF,LowQualFinSF,GrLivArea,BsmtFullBath,BsmtHalfBath,FullBath,HalfBath,BedroomAbvGr,KitchenAbvGr,KitchenQual,TotRmsAbvGrd,Functional,Fireplaces,FireplaceQu,GarageType,GarageYrBlt,GarageFinish,GarageCars,GarageArea,GarageQual,GarageCond,PavedDrive,WoodDeckSF,OpenPorchSF,EnclosedPorch,3SsnPorch,ScreenPorch,PoolArea,MiscVal,MoSold,YrSold,SaleType,SaleCondition,SalePrice,TotalSF,HouseAge,QualCond,GrLivArea_squared,TotalBsmtSF_squared,1stFlrSF_squared,GarageArea_squared,TotRmsAbvGrd_squared,OverallQual_squared,ExterQual_squared,KitchenQual_squared,GarageCars_squared,BsmtQual_squared,HeatingQC_squared,HouseAge_squared
1,60,RL,65.0,8450,3,3,Inside,2,CollgCr,Norm,1Fam,2Story,7,5,2003,2003,Gable,VinylSd,VinylSd,196.0,,3,PConc,,3.0,1.0,6.0,706,1.0,0,150,856,,Y,SBrkr,856,854,0,1710,1,0,2,1,3,1,,8,7,0,,Attchd,2003.0,2.0,2,548,3.0,3.0,2,0,61,0,0,0,0,0,2,2008,WD,Normal,12.24769911637256,2566,5,35,2924100,732736,732736,300304,64,49,0.0,0.0,4,0.0,0.0,25
2,20,RL,80.0,9600,3,3,FR2,2,Veenker,Feedr,1Fam,1Story,6,8,1976,1976,Gable,MetalSd,MetalSd,0.0,,3,CBlock,,3.0,4.0,5.0,978,1.0,0,284,1262,,Y,SBrkr,1262,0,0,1262,0,1,2,0,3,1,,6,7,1,3.0,Attchd,1976.0,2.0,2,460,3.0,3.0,2,298,0,0,0,0,0,0,5,2007,WD,Normal,12.109016442313738,2524,31,48,1592644,1592644,1592644,211600,36,36,0.0,0.0,4,0.0,0.0,961
3,60,RL,68.0,11250,2,3,Inside,2,CollgCr,Norm,1Fam,2Story,7,5,2001,2002,Gable,VinylSd,VinylSd,162.0,,3,PConc,,3.0,2.0,6.0,486,1.0,0,434,920,,Y,SBrkr,920,866,0,1786,1,0,2,1,3,1,,6,7,1,3.0,Attchd,2001.0,2.0,2,608,3.0,3.0,2,0,42,0,0,0,0,0,9,2008,WD,Normal,12.317171167298682,2706,7,35,3189796,846400,846400,369664,36,49,0.0,0.0,4,0.0,0.0,49
4,70,RL,60.0,9550,2,3,Corner,2,Crawfor,Norm,1Fam,2Story,7,5,1915,1970,Gable,Wd Sdng,Wd Shng,0.0,,3,BrkTil,,4.0,1.0,5.0,216,1.0,0,540,756,,Y,SBrkr,961,756,0,1717,1,0,1,0,3,1,,7,7,1,4.0,Detchd,1998.0,1.0,3,642,3.0,3.0,2,0,35,272,0,0,0,0,2,2006,WD,Abnorml,11.849404844423074,2473,91,35,2948089,571536,923521,412164,49,49,0.0,0.0,9,0.0,0.0,8281
5,60,RL,84.0,14260,2,3,FR2,2,NoRidge,Norm,1Fam,2Story,8,5,2000,2000,Gable,VinylSd,VinylSd,350.0,,3,PConc,,3.0,3.0,6.0,655,1.0,0,490,1145,,Y,SBrkr,1145,1053,0,2198,1,0,2,1,4,1,,9,7,1,3.0,Attchd,2000.0,2.0,3,836,3.0,3.0,2,192,84,0,0,0,0,0,12,2008,WD,Normal,12.429220196836383,3343,8,40,4831204,1311025,1311025,698896,81,64,0.0,0.0,9,0.0,0.0,64
6,50,RL,85.0,14115,2,3,Inside,2,Mitchel,Norm,1Fam,1.5Fin,5,5,1993,1995,Gable,VinylSd,VinylSd,0.0,,3,Wood,,3.0,1.0,6.0,732,1.0,0,64,796,,Y,SBrkr,796,566,0,1362,1,0,1,1,1,1,,5,7,0,,Attchd,1993.0,1.0,2,480,3.0,3.0,2,40,30,0,320,0,0,700,10,2009,WD,Normal,11.870606902224587,2158,16,25,1855044,633616,633616,230400,25,25,0.0,0.0,4,0.0,0.0,256
7,20,RL,75.0,10084,3,3,Inside,2,Somerst,Norm,1Fam,1Story,8,5,2004,2005,Gable,VinylSd,VinylSd,186.0,,3,PConc,,3.0,3.0,6.0,1369,1.0,0,317,1686,,Y,SBrkr,1694,0,0,1694,1,0,2,0,3,1,,7,7,1,4.0,Attchd,2004.0,2.0,2,636,3.0,3.0,2,255,57,0,0,0,0,0,8,2007,WD,Normal,12.634606283893019,3380,3,40,2869636,2842596,2869636,404496,49,64,0.0,0.0,4,0.0,0.0,9
8,60,RL,68.0,10382,2,3,Corner,2,NWAmes,PosN,1Fam,2Story,7,6,1973,1973,Gable,HdBoard,HdBoard,240.0,,3,CBlock,,3.0,2.0,5.0,859,4.0,32,216,1107,,Y,SBrkr,1107,983,0,2090,1,0,2,1,3,1,,7,7,2,3.0,Attchd,1973.0,2.0,2,484,3.0,3.0,2,235,204,228,0,0,0,350,11,2009,WD,Normal,12.206077645517674,3197,36,42,4368100,1225449,1225449,234256,49,49,0.0,0.0,4,0.0,0.0,1296
9,50,RM,51.0,6120,3,3,Inside,2,OldTown,Artery,1Fam,1.5Fin,7,5,1931,1950,Gable,BrkFace,Wd Shng,0.0,,3,BrkTil,,3.0,1.0,1.0,0,1.0,0,952,952,,Y,FuseF,1022,752,0,1774,0,0,2,0,2,2,,8,6,2,3.0,Detchd,1931.0,1.0,2,468,2.0,3.0,2,90,0,205,0,0,0,0,4,2008,WD,Abnorml,11.774527900858468,2726,77,35,3147076,906304,1044484,219024,64,49,0.0,0.0,4,0.0,0.0,5929
10,190,RL,50.0,7420,3,3,Corner,2,BrkSide,Artery,2fmCon,1.5Unf,5,6,1939,1950,Gable,MetalSd,MetalSd,0.0,,3,BrkTil,,3.0,1.0,6.0,851,1.0,0,140,991,,Y,SBrkr,1077,0,0,1077,1,0,1,0,2,2,,5,7,2,3.0,Attchd,1939.0,2.0,1,205,4.0,3.0,2,0,4,0,0,0,0,0,1,2008,WD,Normal,11.678448377988165,2068,69,30,1159929,982081,1159929,42025,25,25,0.0,0.0,1,0.0,0.0,4761
11,20,RL,70.0,11200,3,3,Inside,2,Sawyer,Norm,1Fam,1Story,5,5,1965,1965,Hip,HdBoard,HdBoard,0.0,,3,CBlock,,3.0,1.0,3.0,906,1.0,0,134,1040,,Y,SBrkr,1040,0,0,1040,1,0,1,0,3,1,,5,7,0,,Detchd,1965.0,1.0,1,384,3.0,3.0,2,0,0,0,0,0,0,0,2,2008,WD,Normal,11.771443882099637,2080,43,25,1081600,1081600,1081600,147456,25,25,0.0,0.0,1,0.0,0.0,1849
12,60,RL,85.0,11924,2,3,Inside,2,NridgHt,Norm,1Fam,2Story,9,5,2005,2006,Hip,WdShing,Wd Shng,286.0,,3,PConc,,3.0,1.0,6.0,998,1.0,0,177,1175,,Y,SBrkr,1182,1142,0,2324,1,0,3,0,4,1,,11,7,2,4.0,BuiltIn,2005.0,3.0,3,736,3.0,3.0,2,147,21,0,0,0,0,0,7,2006,New,Partial,12.75130259456002,3499,1,45,5400976,1380625,1397124,541696,121,81,0.0,0.0,9,0.0,0.0,1
13,20,RL,68.0,12968,1,3,Inside,2,Sawyer,Norm,1Fam,1Story,5,6,1962,1962,Hip,HdBoard,Plywood,0.0,,3,CBlock,,3.0,1.0,5.0,737,1.0,0,175,912,,Y,SBrkr,912,0,0,912,1,0,1,0,2,1,,4,7,0,,Detchd,1962.0,1.0,1,352,3.0,3.0,2,140,0,0,0,176,0,0,9,2008,WD,Normal,11.87757552297847,1824,46,30,831744,831744,831744,123904,16,25,0.0,0.0,1,0.0,0.0,2116
14,20,RL,91.0,10652,2,3,Inside,2,CollgCr,Norm,1Fam,1Story,7,5,2006,2007,Gable,VinylSd,VinylSd,306.0,,3,PConc,,3.0,3.0,1.0,0,1.0,0,1494,1494,,Y,SBrkr,1494,0,0,1494,0,0,2,0,3,1,,7,7,1,4.0,Attchd,2006.0,2.0,3,840,3.0,3.0,2,160,33,0,0,0,0,0,8,2007,New,Partial,12.540761149388421,2988,1,35,2232036,2232036,2232036,705600,49,49,0.0,0.0,9,0.0,0.0,1
15,20,RL,68.0,10920,2,3,Corner,2,NAmes,Norm,1Fam,1Story,6,5,1960,1960,Hip,MetalSd,MetalSd,212.0,,3,CBlock,,3.0,1.0,4.0,733,1.0,0,520,1253,,Y,SBrkr,1253,0,0,1253,1,0,1,1,2,1,,5,7,1,2.0,Attchd,1960.0,2.0,1,352,3.0,3.0,2,0,213,176,0,0,0,0,5,2008,WD,Normal,11.964007453736912,2506,48,30,1570009,1570009,1570009,123904,25,36,0.0,0.0,1,0.0,0.0,2304
16,45,RM,51.0,6120,3,3,Corner,2,BrkSide,Norm,1Fam,1.5Unf,7,8,1929,2001,Gable,Wd Sdng,Wd Sdng,0.0,,3,BrkTil,,3.0,1.0,1.0,0,1.0,0,832,832,,Y,FuseA,854,0,0,854,0,0,1,0,2,1,,5,7,0,,Detchd,1991.0,1.0,2,576,3.0,3.0,2,48,112,0,0,0,0,0,7,2007,WD,Normal,11.790564777297387,1686,78,56,729316,692224,729316,331776,25,49,0.0,0.0,4,0.0,0.0,6084
17,20,RL,68.0,11241,2,3,CulDSac,2,NAmes,Norm,1Fam,1Story,6,7,1970,1970,Gable,Wd Sdng,Wd Sdng,180.0,,3,CBlock,,3.0,1.0,5.0,578,1.0,0,426,1004,,Y,SBrkr,1004,0,0,1004,1,0,1,0,2,1,,5,7,1,3.0,Attchd,1970.0,3.0,2,480,3.0,3.0,2,0,0,0,0,0,0,700,3,2010,WD,Normal,11.91170829631447,2008,40,42,1008016,1008016,1008016,230400,25,36,0.0,0.0,4,0.0,0.0,1600
18,90,RL,72.0,10791,3,3,Inside,2,Sawyer,Norm,Duplex,1Story,4,5,1967,1967,Gable,MetalSd,MetalSd,0.0,,3,Slab,,,,,0,,0,0,0,,Y,SBrkr,1296,0,0,1296,0,0,2,0,2,2,,6,7,0,,CarPort,1967.0,1.0,2,516,3.0,3.0,2,0,0,0,0,0,0,500,10,2006,WD,Normal,11.407576060361786,1296,39,20,1679616,0,1679616,266256,36,16,0.0,0.0,4,0.0,0.0,1521
19,20,RL,66.0,13695,3,3,Inside,2,SawyerW,RRAe,1Fam,1Story,5,5,2004,2004,Gable,VinylSd,VinylSd,0.0,,3,PConc,,3.0,1.0,6.0,646,1.0,0,468,1114,,Y,SBrkr,1114,0,0,1114,1,0,1,1,3,1,,6,7,0,,Detchd,2004.0,1.0,2,576,3.0,3.0,2,0,102,0,0,0,0,0,6,2008,WD,Normal,11.976665770490767,2228,4,25,1240996,1240996,1240996,331776,36,25,0.0,0.0,4,0.0,0.0,16
20,20,RL,70.0,7560,3,3,Inside,2,NAmes,Norm,1Fam,1Story,5,6,1958,1965,Hip,BrkFace,Plywood,0.0,,3,CBlock,,3.0,1.0,2.0,504,1.0,0,525,1029,,Y,SBrkr,1339,0,0,1339,0,0,1,0,3,1,,6,6,0,,Attchd,1958.0,1.0,1,294,3.0,3.0,2,0,0,0,0,0,0,0,5,2009,COD,Abnorml,11.842236406331555,2368,51,30,1792921,1058841,1792921,86436,36,25,0.0,0.0,1,0.0,0.0,2601
21,60,RL,101.0,14215,2,3,Corner,2,NridgHt,Norm,1Fam,2Story,8,5,2005,2006,Gable,VinylSd,VinylSd,380.0,,3,PConc,,3.0,3.0,1.0,0,1.0,0,1158,1158,,Y,SBrkr,1158,1218,0,2376,0,0,3,1,4,1,,9,7,1,4.0,BuiltIn,2005.0,2.0,3,853,3.0,3.0,2,240,154,0,0,0,0,0,11,2006,New,Partial,12.692506186542177,3534,1,40,5645376,1340964,1340964,727609,81,64,0.0,0.0,9,0.0,0.0,1
22,45,RM,57.0,7449,3,2,Inside,2,IDOTRR,Norm,1Fam,1.5Unf,7,7,1930,1950,Gable,Wd Sdng,Wd Sdng,0.0,,3,PConc,,3.0,1.0,1.0,0,1.0,0,637,637,,Y,FuseF,1108,0,0,1108,0,0,1,0,3,1,,6,7,1,4.0,Attchd,1930.0,1.0,1,280,3.0,3.0,0,0,0,205,0,0,0,0,6,2007,WD,Normal,11.845109950883979,1745,77,49,1227664,405769,1227664,78400,36,49,0.0,0.0,1,0.0,0.0,5929
23,20,RL,75.0,9742,3,3,Inside,2,CollgCr,Norm,1Fam,1Story,8,5,2002,2002,Hip,VinylSd,VinylSd,281.0,,3,PConc,,3.0,1.0,1.0,0,1.0,0,1777,1777,,Y,SBrkr,1795,0,0,1795,0,0,2,0,3,1,,7,7,1,4.0,Attchd,2002.0,2.0,2,534,3.0,3.0,2,171,159,0,0,0,0,0,9,2008,WD,Normal,12.345838935721968,3572,6,40,3222025,3157729,3222025,285156,49,64,0.0,0.0,4,0.0,0.0,36
24,120,RM,44.0,4224,3,3,Inside,2,MeadowV,Norm,TwnhsE,1Story,5,7,1976,1976,Gable,CemntBd,CmentBd,0.0,,3,PConc,,3.0,1.0,6.0,840,1.0,0,200,1040,,Y,SBrkr,1060,0,0,1060,1,0,1,0,3,1,,6,7,1,3.0,Attchd,1976.0,1.0,2,572,3.0,3.0,2,100,110,0,0,0,0,0,6,2007,WD,Normal,11.774527900858468,2100,31,35,1123600,1081600,1123600,327184,36,25,0.0,0.0,4,0.0,0.0,961
25,20,RL,68.0,8246,2,3,Inside,2,Sawyer,Norm,1Fam,1Story,5,8,1968,2001,Gable,Plywood,Plywood,0.0,,4,CBlock,,3.0,2.0,3.0,188,5.0,668,204,1060,,Y,SBrkr,1060,0,0,1060,1,0,1,0,3,1,,6,7,1,3.0,Attchd,1968.0,1.0,1,270,3.0,3.0,2,406,90,0,0,0,0,0,5,2010,WD,Normal,11.944714374881176,2120,42,40,1123600,1123600,1123600,72900,36,25,0.0,0.0,1,0.0,0.0,1764
26,20,RL,110.0,14230,3,3,Corner,2,NridgHt,Norm,1Fam,1Story,8,5,2007,2007,Gable,VinylSd,VinylSd,640.0,,3,PConc,,3.0,1.0,1.0,0,1.0,0,1566,1566,,Y,SBrkr,1600,0,0,1600,0,0,2,0,3,1,,7,7,1,4.0,Attchd,2007.0,2.0,3,890,3.0,3.0,2,0,56,0,0,0,0,0,7,2009,WD,Normal,12.454107814022272,3166,2,40,2560000,2452356,2560000,792100,49,64,0.0,0.0,9,0.0,0.0,4
27,20,RL,60.0,7200,3,3,Corner,2,NAmes,Norm,1Fam,1Story,5,7,1951,2000,Gable,Wd Sdng,Wd Sdng,0.0,,3,CBlock,,3.0,2.0,4.0,234,3.0,486,180,900,,Y,SBrkr,900,0,0,900,0,1,1,0,3,1,,5,7,0,,Detchd,2005.0,1.0,2,576,3.0,3.0,2,222,32,0,0,0,0,0,5,2010,WD,Normal,11.811554895830454,1800,59,35,810000,810000,810000,331776,25,25,0.0,0.0,4,0.0,0.0,3481
28,20,RL,98.0,11478,3,3,Inside,2,NridgHt,Norm,1Fam,1Story,8,5,2007,2008,Gable,VinylSd,VinylSd,200.0,,3,PConc,,3.0,1.0,6.0,1218,1.0,0,486,1704,,Y,SBrkr,1704,0,0,1704,1,0,2,0,3,1,,7,7,1,4.0,Attchd,2008.0,2.0,3,772,3.0,3.0,2,0,50,0,0,0,0,0,5,2010,WD,Normal,12.631343648903034,3408,3,40,2903616,2903616,2903616,595984,49,64,0.0,0.0,9,0.0,0.0,9
29,20,RL,47.0,16321,2,3,CulDSac,2,NAmes,Norm,1Fam,1Story,5,6,1957,1997,Gable,MetalSd,MetalSd,0.0,,3,CBlock,,3.0,4.0,4.0,1277,1.0,0,207,1484,,Y,SBrkr,1600,0,0,1600,1,0,1,0,2,1,,6,7,2,4.0,Attchd,1957.0,2.0,1,319,3.0,3.0,2,288,258,0,0,0,0,0,12,2006,WD,Normal,12.242891437918386,3084,49,30,2560000,2202256,2560000,101761,36,25,0.0,0.0,1,0.0,0.0,2401
30,30,RM,60.0,6324,2,3,Inside,2,BrkSide,Feedr,1Fam,1Story,4,6,1927,1950,Gable,MetalSd,MetalSd,0.0,,3,BrkTil,,3.0,1.0,1.0,0,1.0,0,520,520,,N,SBrkr,520,0,0,520,0,0,1,0,1,1,,4,7,0,,Detchd,1920.0,1.0,1,240,2.0,3.0,2,49,0,87,0,0,0,0,5,2008,WD,Normal,11.134603622683905,1040,81,24,270400,270400,270400,57600,16,16,0.0,0.0,1,0.0,0.0,6561
31,70,C (all),50.0,8500,3,3,Inside,2,IDOTRR,Feedr,1Fam,2Story,4,4,1920,1950,Gambrel,BrkFace,BrkFace,0.0,,2,BrkTil,,3.0,1.0,1.0,0,1.0,0,649,649,,N,SBrkr,649,668,0,1317,0,0,1,0,3,1,,6,7,0,,Detchd,1920.0,1.0,1,250,3.0,2.0,0,0,54,172,0,0,0,0,7,2008,WD,Normal,10.596659732783579,1966,88,16,1734489,421201,421201,62500,36,16,0.0,0.0,1,0.0,0.0,7744
32,20,RL,68.0,8544,2,3,CulDSac,2,Sawyer,Norm,1Fam,1Story,5,6,1966,2006,Gable,HdBoard,HdBoard,0.0,,3,CBlock,,3.0,1.0,1.0,0,1.0,0,1228,1228,,Y,SBrkr,1228,0,0,1228,0,0,1,1,3,1,,6,7,0,,Attchd,1966.0,1.0,1,271,3.0,3.0,2,0,65,0,0,0,0,0,6,2008,WD,Normal,11.914054519303125,2456,42,30,1507984,1507984,1507984,73441,36,25,0.0,0.0,1,0.0,0.0,1764
33,20,RL,85.0,11049,3,3,Corner,2,CollgCr,Norm,1Fam,1Story,8,5,2007,2007,Gable,VinylSd,VinylSd,0.0,,3,PConc,,3.0,3.0,1.0,0,1.0,0,1234,1234,,Y,SBrkr,1234,0,0,1234,0,0,2,0,3,1,,7,7,0,,Attchd,2007.0,2.0,2,484,3.0,3.0,2,0,30,0,0,0,0,0,1,2008,WD,Normal,12.100161978566867,2468,1,40,1522756,1522756,1522756,234256,49,64,0.0,0.0,4,0.0,0.0,1
34,20,RL,70.0,10552,2,3,Inside,2,NAmes,Norm,1Fam,1Story,5,5,1959,1959,Hip,BrkFace,BrkFace,0.0,,3,CBlock,,3.0,1.0,3.0,1018,1.0,0,380,1398,,Y,SBrkr,1700,0,0,1700,0,1,1,1,4,1,,6,7,1,4.0,Attchd,1959.0,2.0,2,447,3.0,3.0,2,0,38,0,0,0,0,0,4,2010,WD,Normal,12.016732516077072,3098,51,25,2890000,1954404,2890000,199809,36,25,0.0,0.0,4,0.0,0.0,2601
35,120,RL,60.0,7313,3,3,Inside,2,NridgHt,Norm,TwnhsE,1Story,9,5,2005,2005,Hip,MetalSd,MetalSd,246.0,,3,PConc,,3.0,1.0,6.0,1153,1.0,0,408,1561,,Y,SBrkr,1561,0,0,1561,1,0,2,0,2,1,,6,7,1,4.0,Attchd,2005.0,3.0,2,556,3.0,3.0,2,203,47,0,0,0,0,0,8,2007,WD,Normal,12.533579815765737,3122,2,45,2436721,2436721,2436721,309136,36,81,0.0,0.0,4,0.0,0.0,4
36,60,RL,108.0,13418,3,3,Inside,2,NridgHt,Norm,1Fam,2Story,8,5,2004,2005,Gable,VinylSd,VinylSd,132.0,,3,PConc,,3.0,3.0,1.0,0,1.0,0,1117,1117,,Y,SBrkr,1132,1320,0,2452,0,0,3,1,4,1,,9,7,1,4.0,BuiltIn,2004.0,3.0,3,691,3.0,3.0,2,113,32,0,0,0,0,0,9,2006,WD,Normal,12.6410997921206,3569,2,40,6012304,1247689,1281424,477481,81,64,0.0,0.0,9,0.0,0.0,4
37,20,RL,112.0,10859,3,3,Corner,2,CollgCr,Norm,1Fam,1Story,5,5,1994,1995,Gable,VinylSd,VinylSd,0.0,,3,PConc,,3.0,1.0,1.0,0,1.0,0,1097,1097,,Y,SBrkr,1097,0,0,1097,0,0,1,1,3,1,,6,7,0,,Attchd,1995.0,1.0,2,672,3.0,3.0,2,392,64,0,0,0,0,0,6,2009,WD,Normal,11.884495917930655,2194,15,25,1203409,1203409,1203409,451584,36,25,0.0,0.0,4,0.0,0.0,225
38,20,RL,74.0,8532,3,3,Inside,2,NAmes,Norm,1Fam,1Story,5,6,1954,1990,Hip,Wd Sdng,Wd Sdng,650.0,,3,CBlock,,3.0,1.0,3.0,1213,1.0,0,84,1297,,Y,SBrkr,1297,0,0,1297,0,1,1,0,3,1,,5,7,1,3.0,Attchd,1954.0,3.0,2,498,3.0,3.0,2,0,0,0,0,0,0,0,10,2009,WD,Normal,11.938199736300925,2594,55,30,1682209,1682209,1682209,248004,25,25,0.0,0.0,4,0.0,0.0,3025
39,20,RL,68.0,7922,3,3,Inside,2,NAmes,Norm,1Fam,1Story,5,7,1953,2007,Gable,VinylSd,VinylSd,0.0,,4,CBlock,,3.0,1.0,6.0,731,1.0,0,326,1057,,Y,SBrkr,1057,0,0,1057,1,0,1,0,3,1,,5,7,0,,Detchd,1953.0,1.0,1,246,3.0,3.0,2,0,52,0,0,0,0,0,1,2010,WD,Abnorml,11.599112335481124,2114,57,35,1117249,1117249,1117249,60516,25,25,0.0,0.0,1,0.0,0.0,3249
40,90,RL,65.0,6040,3,3,Inside,2,Edwards,Norm,Duplex,1Story,4,5,1955,1955,Gable,AsbShng,Plywood,0.0,,3,PConc,,,,,0,,0,0,0,,N,FuseP,1152,0,0,1152,0,0,2,0,2,2,,6,7,0,,Missing,1973.0,,0,0,,,0,0,0,0,0,0,0,0,6,2008,WD,AdjLand,11.314486721293981,1152,53,20,1327104,0,1327104,0,36,16,0.0,0.0,0,0.0,0.0,2809
41,20,RL,84.0,8658,3,3,Inside,2,NAmes,Norm,1Fam,1Story,6,5,1965,1965,Gable,Wd Sdng,Wd Sdng,101.0,,3,CBlock,,3.0,1.0,3.0,643,1.0,0,445,1088,,Y,SBrkr,1324,0,0,1324,0,0,2,0,3,1,,6,7,1,3.0,Attchd,1965.0,2.0,2,440,3.0,3.0,2,0,138,0,0,0,0,0,12,2006,WD,Abnorml,11.982935344196433,2412,41,30,1752976,1183744,1752976,193600,36,36,0.0,0.0,4,0.0,0.0,1681
42,20,RL,115.0,16905,3,3,Inside,2,Timber,Norm,1Fam,1Story,5,6,1959,1959,Gable,VinylSd,VinylSd,0.0,,4,CBlock,,3.0,4.0,4.0,967,1.0,0,383,1350,,Y,SBrkr,1328,0,0,1328,0,1,1,1,2,1,,5,7,2,4.0,Attchd,1959.0,2.0,1,308,3.0,3.0,1,0,104,0,0,0,0,0,7,2007,WD,Normal,12.04355959836804,2678,48,30,1763584,1822500,1763584,94864,25,25,0.0,0.0,1,0.0,0.0,2304
43,85,RL,68.0,9180,2,3,CulDSac,2,SawyerW,Norm,1Fam,SFoyer,5,7,1983,1983,Gable,HdBoard,HdBoard,0.0,,3,CBlock,,3.0,3.0,5.0,747,2.0,93,0,840,,Y,SBrkr,884,0,0,884,1,0,1,0,2,1,,5,7,0,,Attchd,1983.0,2.0,2,504,3.0,4.0,2,240,0,0,0,0,0,0,12,2007,WD,Normal,11.87757552297847,1724,24,35,781456,705600,781456,254016,25,25,0.0,0.0,4,0.0,0.0,576
44,20,RL,68.0,9200,2,3,CulDSac,2,CollgCr,Norm,1Fam,1Story,5,6,1975,1980,Hip,VinylSd,VinylSd,0.0,,3,CBlock,,3.0,3.0,2.0,280,4.0,491,167,938,,Y,SBrkr,938,0,0,938,1,0,1,0,3,1,,5,7,0,,Detchd,1977.0,1.0,1,308,3.0,3.0,2,145,0,0,0,0,0,0,7,2008,WD,Normal,11.777218637129327,1876,33,30,879844,879844,879844,94864,25,25,0.0,0.0,1,0.0,0.0,1089
45,20,RL,70.0,7945,3,3,Inside,2,NAmes,Norm,1Fam,1Story,5,6,1959,1959,Gable,BrkFace,Wd Sdng,0.0,,3,CBlock,,3.0,1.0,5.0,179,4.0,506,465,1150,,Y,FuseA,1150,0,0,1150,1,0,1,0,3,1,,6,7,0,,Attchd,1959.0,2.0,1,300,3.0,3.0,2,0,0,0,0,0,0,0,5,2006,WD,Normal,11.856522261533737,2300,47,30,1322500,1322500,1322500,90000,36,25,0.0,0.0,1,0.0,0.0,2209
46,120,RL,61.0,7658,3,3,Inside,2,NridgHt,Norm,TwnhsE,1Story,9,5,2005,2005,Hip,MetalSd,MetalSd,412.0,,3,PConc,,3.0,1.0,6.0,456,1.0,0,1296,1752,,Y,SBrkr,1752,0,0,1752,1,0,2,0,2,1,,6,7,1,4.0,Attchd,2005.0,2.0,2,576,3.0,3.0,2,196,82,0,0,0,0,0,2,2010,WD,Normal,12.675766851909591,3504,5,45,3069504,3069504,3069504,331776,36,81,0.0,0.0,4,0.0,0.0,25
47,50,RL,48.0,12822,2,3,CulDSac,2,Mitchel,Norm,1Fam,1.5Fin,7,5,2003,2003,Gable,VinylSd,VinylSd,0.0,,3,PConc,,3.0,1.0,6.0,1351,1.0,0,83,1434,,Y,SBrkr,1518,631,0,2149,1,0,1,1,1,1,,6,7,1,5.0,Attchd,2003.0,2.0,2,670,3.0,3.0,2,168,43,0,0,198,0,0,8,2009,WD,Abnorml,12.387089184491993,3583,6,35,4618201,2056356,2304324,448900,36,49,0.0,0.0,4,0.0,0.0,36
48,20,FV,84.0,11096,3,3,Inside,2,Somerst,Norm,1Fam,1Story,8,5,2006,2006,Gable,VinylSd,VinylSd,0.0,,3,PConc,,3.0,3.0,6.0,24,1.0,0,1632,1656,,Y,SBrkr,1656,0,0,1656,0,0,2,0,3,1,,7,7,0,,Attchd,2006.0,2.0,3,826,3.0,3.0,2,0,146,0,0,0,0,0,7,2007,WD,Normal,12.428019481065613,3312,1,40,2742336,2742336,2742336,682276,49,64,0.0,0.0,9,0.0,0.0,1
49,190,RM,33.0,4456,3,3,Inside,2,OldTown,Norm,2fmCon,2Story,4,5,1920,2008,Gable,MetalSd,MetalSd,0.0,,3,BrkTil,,3.0,1.0,1.0,0,1.0,0,736,736,,Y,SBrkr,736,716,0,1452,0,0,2,0,2,3,,8,7,0,,Missing,1974.0,,0,0,,,0,0,0,102,0,0,0,0,6,2009,New,Partial,11.635151947212842,2188,89,20,2108304,541696,541696,0,64,16,0.0,0.0,0,0.0,0.0,7921
50,20,RL,66.0,7742,3,3,Inside,2,Sawyer,Norm,1Fam,1Story,5,7,1966,1966,Gable,HdBoard,HdBoard,0.0,,3,CBlock,,3.0,1.0,4.0,763,1.0,0,192,955,,Y,SBrkr,955,0,0,955,1,0,1,0,3,1,,6,7,0,,Attchd,1966.0,1.0,1,386,3.0,3.0,2,0,0,0,0,0,0,0,1,2007,WD,Normal,11.751950239425476,1910,41,35,912025,912025,912025,148996,36,25,0.0,0.0,1,0.0,0.0,1681
51,60,RL,68.0,13869,1,3,Corner,2,Gilbert,Norm,1Fam,2Story,6,6,1997,1997,Gable,VinylSd,VinylSd,0.0,,3,PConc,,3.0,3.0,6.0,182,1.0,0,612,794,,Y,SBrkr,794,676,0,1470,0,1,2,0,3,1,,6,7,0,,Attchd,1997.0,3.0,2,388,3.0,3.0,2,0,75,0,0,0,0,0,7,2007,WD,Normal,12.083910661257521,2264,10,36,2160900,630436,630436,150544,36,36,0.0,0.0,4,0.0,0.0,100
52,50,RM,52.0,6240,3,3,Inside,2,BrkSide,Norm,1Fam,1.5Fin,6,6,1934,1950,Gable,Wd Sdng,Wd Sdng,0.0,,3,PConc,,3.0,1.0,1.0,0,1.0,0,816,816,,Y,SBrkr,816,0,360,1176,0,0,1,0,3,1,,6,7,1,4.0,Detchd,1985.0,1.0,2,528,3.0,3.0,2,112,0,0,0,0,0,400,9,2006,WD,Normal,11.648338835562747,1632,72,36,1382976,665856,665856,278784,36,36,0.0,0.0,4,0.0,0.0,5184
53,90,RM,110.0,8472,1,2,Corner,1,IDOTRR,RRNn,Duplex,1Story,5,5,1963,1963,Gable,Wd Sdng,Wd Sdng,0.0,,3,CBlock,,3.0,4.0,2.0,104,6.0,712,0,816,,N,SBrkr,816,0,0,816,1,0,1,0,2,1,,5,7,0,,CarPort,1963.0,1.0,2,516,3.0,3.0,2,106,0,0,0,0,0,0,5,2010,WD,Normal,11.608244735642321,1632,47,25,665856,665856,665856,266256,25,25,0.0,0.0,4,0.0,0.0,2209
54,20,RL,68.0,50271,2,0,Inside,2,Veenker,Norm,1Fam,1Story,9,5,1981,1987,Gable,WdShing,Wd Shng,0.0,,3,CBlock,,3.0,4.0,6.0,1810,1.0,0,32,1842,,Y,SBrkr,1842,0,0,1842,2,0,0,1,0,1,,5,7,1,4.0,Attchd,1981.0,3.0,3,894,3.0,3.0,2,857,72,0,0,0,0,0,11,2006,WD,Normal,12.861001210669146,3684,25,45,3392964,3392964,3392964,799236,25,81,0.0,0.0,9,0.0,0.0,625
55,80,RL,60.0,7134,3,2,Inside,1,NAmes,Norm,1Fam,SLvl,5,5,1955,1955,Gable,MetalSd,MetalSd,0.0,,3,CBlock,,3.0,1.0,5.0,384,1.0,0,0,384,,Y,SBrkr,1360,0,0,1360,0,0,1,0,3,1,,6,6,1,3.0,Detchd,1962.0,1.0,2,572,3.0,3.0,2,0,50,0,0,0,0,0,2,2007,WD,Normal,11.775297421715827,1744,52,25,1849600,147456,1849600,327184,36,25,0.0,0.0,4,0.0,0.0,2704
56,20,RL,100.0,10175,2,3,Inside,2,NAmes,Norm,1Fam,1Story,6,5,1964,1964,Gable,HdBoard,Plywood,272.0,,3,CBlock,,3.0,1.0,4.0,490,1.0,0,935,1425,,Y,SBrkr,1425,0,0,1425,0,0,2,0,3,1,,7,7,1,4.0,Attchd,1964.0,2.0,2,576,3.0,3.0,2,0,0,0,407,0,0,0,7,2008,WD,Normal,12.103491596905931,2850,44,30,2030625,2030625,2030625,331776,49,36,0.0,0.0,4,0.0,0.0,1936
57,160,FV,24.0,2645,3,3,Inside,2,Somerst,Norm,Twnhs,2Story,8,5,1999,2000,Gable,MetalSd,MetalSd,456.0,,3,PConc,,3.0,1.0,6.0,649,1.0,0,321,970,,Y,SBrkr,983,756,0,1739,1,0,2,1,3,1,,7,7,0,,Attchd,1999.0,3.0,2,480,3.0,3.0,2,115,0,0,0,0,0,0,8,2009,WD,Abnorml,12.058158312538197,2709,10,40,3024121,940900,966289,230400,49,64,0.0,0.0,4,0.0,0.0,100
58,60,RL,89.0,11645,2,3,Corner,2,CollgCr,Norm,1Fam,2Story,7,5,2004,2004,Gable,VinylSd,VinylSd,0.0,,3,PConc,,3.0,1.0,1.0,0,1.0,0,860,860,,Y,SBrkr,860,860,0,1720,0,0,2,1,3,1,,7,7,0,,Attchd,2004.0,2.0,2,565,3.0,3.0,2,0,70,0,0,0,0,0,8,2006,WD,Normal,12.188422799337028,2580,2,35,2958400,739600,739600,319225,49,49,0.0,0.0,4,0.0,0.0,4
59,60,RL,66.0,13682,1,1,CulDSac,2,StoneBr,Norm,1Fam,2Story,10,5,2006,2006,Hip,VinylSd,VinylSd,1031.0,,3,PConc,,3.0,4.0,1.0,0,1.0,0,1410,1410,,Y,SBrkr,1426,1519,0,2945,0,0,3,1,3,1,,10,7,1,4.0,BuiltIn,2006.0,3.0,3,641,3.0,3.0,2,192,0,37,0,0,0,0,10,2006,New,Partial,12.991755706536901,4355,0,50,8673025,1988100,2033476,410881,100,100,0.0,0.0,9,0.0,0.0,0
60,20,RL,60.0,7200,3,2,Inside,2,CollgCr,Norm,1Fam,1Story,5,7,1972,1972,Gable,HdBoard,HdBoard,0.0,,3,CBlock,,3.0,3.0,5.0,632,1.0,0,148,780,,Y,SBrkr,780,0,0,780,0,0,1,0,2,1,,4,7,0,,Detchd,1973.0,1.0,1,352,3.0,3.0,2,196,0,0,0,0,0,0,1,2008,WD,Normal,11.735276702486741,1560,36,35,608400,608400,608400,123904,16,25,0.0,0.0,1,0.0,0.0,1296
61,20,RL,63.0,13072,3,3,Inside,2,SawyerW,RRAe,1Fam,1Story,6,5,2004,2004,Gable,VinylSd,VinylSd,0.0,,3,PConc,,3.0,1.0,5.0,941,1.0,0,217,1158,,Y,SBrkr,1158,0,0,1158,1,0,1,1,3,1,,5,7,0,,Detchd,2006.0,1.0,2,576,3.0,3.0,2,0,50,0,0,0,0,0,5,2006,New,Partial,11.970356641102999,2316,2,30,1340964,1340964,1340964,331776,25,36,0.0,0.0,4,0.0,0.0,4
62,75,RM,60.0,7200,3,3,Inside,2,IDOTRR,Norm,1Fam,2.5Unf,5,7,1920,1996,Gable,MetalSd,MetalSd,0.0,,3,BrkTil,,2.0,1.0,1.0,0,1.0,0,530,530,,N,SBrkr,581,530,0,1111,0,0,1,0,3,1,,6,7,0,,Detchd,1935.0,1.0,1,288,3.0,3.0,0,0,0,144,0,0,0,0,3,2007,WD,Normal,11.522885696764481,1641,87,35,1234321,280900,337561,82944,36,25,0.0,0.0,1,0.0,0.0,7569
63,120,RL,44.0,6442,2,3,Inside,2,NridgHt,Norm,TwnhsE,1Story,8,5,2006,2006,Gable,VinylSd,VinylSd,178.0,,3,PConc,,4.0,2.0,6.0,24,1.0,0,1346,1370,,Y,SBrkr,1370,0,0,1370,0,0,2,0,2,1,,6,7,1,4.0,Attchd,2006.0,2.0,2,484,3.0,3.0,2,120,49,0,0,0,0,0,10,2007,WD,Normal,12.218500103788143,2740,1,40,1876900,1876900,1876900,234256,36,64,0.0,0.0,4,0.0,0.0,1
64,70,RM,50.0,10300,2,2,Inside,2,OldTown,RRAn,1Fam,2Story,7,6,1921,1950,Gable,Stucco,Stucco,0.0,,3,BrkTil,,3.0,1.0,1.0,0,1.0,0,576,576,,Y,SBrkr,902,808,0,1710,0,0,2,0,3,1,,9,7,0,,Detchd,1990.0,1.0,2,480,3.0,3.0,2,12,11,64,0,0,0,0,4,2010,WD,Normal,11.849404844423074,2286,89,42,2924100,331776,813604,230400,81,49,0.0,0.0,4,0.0,0.0,7921
65,60,RL,68.0,9375,3,3,Inside,2,CollgCr,Norm,1Fam,2Story,7,5,1997,1998,Gable,VinylSd,VinylSd,573.0,,3,PConc,,3.0,1.0,6.0,739,1.0,0,318,1057,,Y,SBrkr,1057,977,0,2034,1,0,2,1,3,1,,8,7,0,,Attchd,1998.0,2.0,2,645,3.0,3.0,2,576,36,0,0,0,0,0,2,2009,WD,Normal,12.299112067295642,3091,12,35,4137156,1117249,1117249,416025,64,49,0.0,0.0,4,0.0,0.0,144
66,60,RL,76.0,9591,3,3,Inside,2,NridgHt,Norm,1Fam,2Story,8,5,2004,2005,Gable,VinylSd,VinylSd,344.0,,3,PConc,,3.0,3.0,1.0,0,1.0,0,1143,1143,,Y,SBrkr,1143,1330,0,2473,0,0,2,1,4,1,,9,7,1,4.0,BuiltIn,2004.0,2.0,3,852,3.0,3.0,2,192,151,0,0,0,0,0,10,2007,WD,Normal,12.666660207428574,3616,3,40,6115729,1306449,1306449,725904,81,64,0.0,0.0,9,0.0,0.0,9
67,20,RL,68.0,19900,3,3,Inside,2,NAmes,PosA,1Fam,1Story,7,5,1970,1989,Gable,Plywood,Plywood,287.0,,3,CBlock,,3.0,4.0,6.0,912,1.0,0,1035,1947,,Y,SBrkr,2207,0,0,2207,1,0,2,0,3,1,,7,6,1,4.0,Attchd,1970.0,2.0,2,576,3.0,3.0,2,301,0,0,0,0,0,0,7,2010,WD,Normal,12.100717685412471,4154,40,35,4870849,3790809,4870849,331776,49,49,0.0,0.0,4,0.0,0.0,1600
68,20,RL,72.0,10665,2,3,Inside,2,CollgCr,Norm,1Fam,1Story,7,5,2003,2003,Gable,VinylSd,VinylSd,167.0,,3,PConc,,3.0,3.0,6.0,1013,1.0,0,440,1453,,Y,SBrkr,1479,0,0,1479,1,0,2,0,3,1,,7,7,0,,Attchd,2003.0,2.0,2,558,3.0,3.0,2,144,29,0,0,0,0,0,6,2007,WD,Normal,12.328294703023394,2932,4,35,2187441,2111209,2187441,311364,49,49,0.0,0.0,4,0.0,0.0,16
69,30,RM,47.0,4608,3,3,Corner,2,OldTown,Artery,1Fam,1Story,4,6,1945,1950,Gable,MetalSd,MetalSd,0.0,,4,CBlock,,3.0,1.0,1.0,0,1.0,0,747,747,,Y,SBrkr,747,0,0,747,0,0,1,0,2,1,,4,7,0,,Attchd,1945.0,1.0,1,220,3.0,3.0,2,0,0,0,0,0,0,0,6,2010,WD,Normal,11.289794413577894,1494,65,24,558009,558009,558009,48400,16,16,0.0,0.0,1,0.0,0.0,4225
70,50,RL,81.0,15593,3,3,Corner,2,ClearCr,Norm,1Fam,1.5Fin,7,4,1953,1953,Gable,BrkFace,AsbShng,0.0,,3,CBlock,,3.0,1.0,4.0,603,1.0,0,701,1304,,Y,SBrkr,1304,983,0,2287,0,0,2,0,3,1,,7,7,1,3.0,Attchd,1953.0,3.0,2,667,3.0,3.0,2,0,21,114,0,0,0,0,7,2006,WD,Normal,12.323860125621126,3591,53,28,5230369,1700416,1700416,444889,49,49,0.0,0.0,4,0.0,0.0,2809
71,20,RL,95.0,13651,2,3,Inside,2,NAmes,Norm,1Fam,1Story,7,6,1973,1973,Gable,Plywood,Plywood,1115.0,,4,CBlock,,3.0,4.0,5.0,1880,1.0,0,343,2223,,Y,SBrkr,2223,0,0,2223,1,0,2,0,3,1,,8,7,2,4.0,Attchd,1973.0,3.0,2,516,3.0,3.0,2,300,0,0,0,0,0,0,2,2007,WD,Normal,12.404927602627597,4446,34,42,4941729,4941729,4941729,266256,64,49,0.0,0.0,4,0.0,0.0,1156
72,20,RL,69.0,7599,3,3,Corner,2,Mitchel,Norm,1Fam,1Story,4,6,1982,2006,Gable,HdBoard,Plywood,0.0,,3,CBlock,,3.0,1.0,5.0,565,1.0,0,280,845,,Y,SBrkr,845,0,0,845,1,0,1,0,2,1,,4,7,0,,Detchd,1987.0,1.0,2,360,3.0,3.0,2,0,0,0,0,0,0,0,6,2007,WD,Normal,11.771443882099637,1690,25,24,714025,714025,714025,129600,16,16,0.0,0.0,4,0.0,0.0,625
73,60,RL,74.0,10141,2,3,Corner,2,Gilbert,Norm,1Fam,2Story,7,5,1998,1998,Gable,VinylSd,VinylSd,40.0,,3,PConc,,3.0,1.0,1.0,0,1.0,0,832,832,,Y,SBrkr,885,833,0,1718,0,0,2,1,3,1,,7,7,1,3.0,Attchd,1998.0,3.0,2,427,3.0,3.0,2,0,94,0,0,291,0,0,12,2009,WD,Normal,12.128116509451258,2550,11,35,2951524,692224,783225,182329,49,49,0.0,0.0,4,0.0,0.0,121
74,20,RL,85.0,10200,3,3,Inside,2,NAmes,Norm,1Fam,1Story,5,7,1954,2003,Gable,Wd Sdng,Wd Sdng,104.0,,3,CBlock,,3.0,1.0,5.0,320,4.0,362,404,1086,,Y,SBrkr,1086,0,0,1086,1,0,1,0,3,1,,6,7,0,,Attchd,1989.0,1.0,2,490,3.0,3.0,2,0,0,0,0,0,0,0,5,2010,WD,Normal,11.88380602959621,2172,56,35,1179396,1179396,1179396,240100,36,25,0.0,0.0,4,0.0,0.0,3136
75,50,RM,60.0,5790,3,3,Corner,2,OldTown,Norm,1Fam,2Story,3,6,1915,1950,Gambrel,VinylSd,VinylSd,0.0,,4,CBlock,,3.0,1.0,1.0,0,1.0,0,840,840,,N,SBrkr,840,765,0,1605,0,0,2,0,3,2,,8,7,0,,Detchd,1915.0,1.0,1,379,3.0,3.0,2,0,0,202,0,0,0,0,5,2010,WD,Normal,11.58432477200052,2445,95,18,2576025,705600,705600,143641,64,9,0.0,0.0,1,0.0,0.0,9025
76,180,RM,21.0,1596,3,3,Inside,2,MeadowV,Norm,Twnhs,SLvl,4,5,1973,1973,Gable,CemntBd,CmentBd,0.0,,3,CBlock,,3.0,4.0,6.0,462,1.0,0,0,462,,Y,SBrkr,526,462,0,988,1,0,1,0,2,1,,5,7,0,,BuiltIn,1973.0,1.0,1,297,3.0,3.0,2,120,101,0,0,0,0,0,11,2009,WD,Normal,11.418625774449598,1450,36,20,976144,213444,276676,88209,25,16,0.0,0.0,1,0.0,0.0,1296
77,20,RL,68.0,8475,2,3,Inside,2,NAmes,Norm,1Fam,1Story,4,7,1956,1956,Gable,VinylSd,VinylSd,0.0,,3,CBlock,,3.0,1.0,5.0,228,1.0,0,724,952,,Y,FuseA,952,0,0,952,0,0,1,0,2,1,,4,7,0,,Detchd,1956.0,1.0,1,283,3.0,3.0,2,0,0,0,0,0,0,0,4,2008,WD,Normal,11.818577604251555,1904,52,28,906304,906304,906304,80089,16,16,0.0,0.0,1,0.0,0.0,2704
78,50,RM,50.0,8635,3,3,Inside,2,BrkSide,Norm,1Fam,1.5Fin,5,5,1948,2001,Gable,Wd Sdng,Wd Sdng,0.0,,3,CBlock,,3.0,1.0,4.0,336,6.0,41,295,672,,Y,SBrkr,1072,213,0,1285,1,0,1,0,2,1,,6,6,0,,Detchd,1948.0,1.0,1,240,3.0,3.0,2,0,0,0,0,0,0,0,1,2008,WD,Normal,11.751950239425476,1957,60,25,1651225,451584,1149184,57600,36,25,0.0,0.0,1,0.0,0.0,3600
79,90,RL,72.0,10778,3,3,Inside,2,Sawyer,Norm,Duplex,1Story,4,5,1968,1968,Hip,HdBoard,HdBoard,0.0,,3,CBlock,,3.0,1.0,1.0,0,1.0,0,1768,1768,,N,SBrkr,1768,0,0,1768,0,0,2,0,4,2,,8,7,0,,Missing,1975.0,,0,0,,,2,0,0,0,0,0,0,0,4,2010,WD,Normal,11.824087219587643,3536,42,20,3125824,3125824,3125824,0,64,16,0.0,0.0,0,0.0,0.0,1764
80,50,RM,60.0,10440,3,3,Corner,2,OldTown,Norm,1Fam,2Story,5,6,1910,1981,Gable,Wd Sdng,Wd Sdng,0.0,,3,PConc,,3.0,1.0,1.0,0,1.0,0,440,440,,Y,SBrkr,682,548,0,1230,0,0,1,1,2,1,,5,7,0,,Detchd,1966.0,1.0,2,440,3.0,3.0,2,74,0,128,0,0,0,0,5,2009,WD,Normal,11.608244735642321,1670,99,30,1512900,193600,465124,193600,25,25,0.0,0.0,4,0.0,0.0,9801
81,60,RL,100.0,13000,3,3,Corner,2,NAmes,Norm,1Fam,2Story,6,6,1968,1968,Gable,VinylSd,VinylSd,576.0,,4,CBlock,,3.0,1.0,3.0,448,1.0,0,448,896,,Y,SBrkr,1182,960,0,2142,0,0,2,1,4,1,,8,7,1,4.0,Attchd,1968.0,3.0,1,509,3.0,3.0,2,0,72,0,0,252,0,0,6,2009,WD,Normal,12.173037959397275,3038,41,36,4588164,802816,1397124,259081,64,36,0.0,0.0,1,0.0,0.0,1681
82,120,RM,32.0,4500,3,3,FR2,2,Mitchel,Norm,TwnhsE,1Story,6,5,1998,1998,Hip,VinylSd,VinylSd,443.0,,4,PConc,,4.0,1.0,6.0,1201,1.0,0,36,1237,,Y,SBrkr,1337,0,0,1337,1,0,2,0,2,1,,5,7,0,,Attchd,1998.0,3.0,2,405,3.0,3.0,2,0,199,0,0,0,0,0,3,2006,WD,Normal,11.941462360646149,2574,8,30,1787569,1530169,1787569,164025,25,36,0.0,0.0,4,0.0,0.0,64
83,20,RL,78.0,10206,3,3,Inside,2,Somerst,Norm,1Fam,1Story,8,5,2007,2007,Gable,VinylSd,VinylSd,468.0,,3,PConc,,3.0,1.0,6.0,33,1.0,0,1530,1563,,Y,SBrkr,1563,0,0,1563,0,0,2,0,3,1,,6,7,1,4.0,Attchd,2007.0,2.0,3,758,3.0,3.0,2,144,99,0,0,0,0,0,10,2008,WD,Normal,12.409017571151187,3126,1,40,2442969,2442969,2442969,574564,36,64,0.0,0.0,9,0.0,0.0,1
84,20,RL,80.0,8892,2,3,Inside,2,NAmes,Norm,1Fam,1Story,5,5,1960,1960,Gable,MetalSd,MetalSd,66.0,,3,CBlock,,3.0,1.0,1.0,0,1.0,0,1065,1065,,Y,SBrkr,1065,0,0,1065,0,0,1,1,3,1,,6,7,0,,Detchd,1974.0,1.0,2,461,3.0,3.0,2,74,0,0,0,0,0,0,7,2007,COD,Normal,11.748005492256807,2130,47,25,1134225,1134225,1134225,212521,36,25,0.0,0.0,4,0.0,0.0,2209
85,80,RL,68.0,8530,2,3,Inside,2,Gilbert,Norm,1Fam,SLvl,7,5,1995,1996,Gable,HdBoard,HdBoard,22.0,,3,PConc,,3.0,1.0,1.0,0,1.0,0,384,384,,Y,SBrkr,804,670,0,1474,0,0,2,1,3,1,,7,7,1,3.0,BuiltIn,1995.0,3.0,2,400,3.0,3.0,2,120,72,0,0,0,0,700,5,2009,WD,Normal,12.034696963475044,1858,14,35,2172676,147456,646416,160000,49,49,0.0,0.0,4,0.0,0.0,196
86,60,RL,121.0,16059,3,3,Corner,2,NoRidge,Norm,1Fam,2Story,8,5,1991,1992,Hip,HdBoard,HdBoard,284.0,,3,CBlock,,3.0,1.0,1.0,0,1.0,0,1288,1288,,Y,SBrkr,1301,1116,0,2417,0,0,2,1,4,1,,9,7,1,3.0,Attchd,1991.0,1.0,2,462,3.0,3.0,2,127,82,0,0,0,0,0,4,2006,WD,Normal,12.468440756144114,3705,15,40,5841889,1658944,1692601,213444,81,64,0.0,0.0,4,0.0,0.0,225
87,60,RL,122.0,11911,1,3,Inside,2,Gilbert,Norm,1Fam,2Story,6,5,2005,2005,Gable,VinylSd,VinylSd,0.0,,3,PConc,,3.0,3.0,1.0,0,1.0,0,684,684,,Y,SBrkr,684,876,0,1560,0,0,2,1,3,1,,6,7,1,4.0,BuiltIn,2005.0,3.0,2,400,3.0,3.0,2,100,38,0,0,0,0,0,3,2009,WD,Normal,12.066816325306588,2244,4,30,2433600,467856,467856,160000,36,36,0.0,0.0,4,0.0,0.0,16
88,160,FV,40.0,3951,3,3,Corner,2,Somerst,Norm,TwnhsE,2Story,6,5,2009,2009,Gable,VinylSd,VinylSd,76.0,,3,PConc,,3.0,3.0,1.0,0,1.0,0,612,612,,Y,SBrkr,612,612,0,1224,0,0,2,1,2,1,,4,7,0,,Detchd,2009.0,2.0,2,528,3.0,3.0,2,0,234,0,0,0,0,0,6,2009,New,Partial,12.010671928196443,1836,0,30,1498176,374544,374544,278784,16,36,0.0,0.0,4,0.0,0.0,0
89,50,C (all),105.0,8470,2,3,Corner,2,IDOTRR,Feedr,1Fam,1.5Fin,3,2,1915,1982,Hip,Plywood,Plywood,0.0,,2,CBlock,,2.0,1.0,1.0,0,1.0,0,1013,1013,,N,SBrkr,1013,0,513,1526,0,0,1,0,2,1,,6,7,0,,Missing,1974.0,,0,0,,,0,0,0,156,0,0,0,0,10,2009,ConLD,Abnorml,11.350418300109132,2026,94,6,2328676,1026169,1026169,0,36,9,0.0,0.0,0,0.0,0.0,8836
90,20,RL,60.0,8070,3,3,Inside,2,CollgCr,Norm,1Fam,1Story,4,5,1994,1995,Gable,VinylSd,VinylSd,0.0,,3,PConc,,3.0,1.0,6.0,588,1.0,0,402,990,,Y,SBrkr,990,0,0,990,1,0,1,0,3,1,,5,7,0,,Missing,1972.0,,0,0,,,2,0,0,0,0,0,0,0,8,2007,WD,Normal,11.724813914587886,1980,13,20,980100,980100,980100,0,25,16,0.0,0.0,0,0.0,0.0,169
91,20,RL,60.0,7200,3,3,Inside,2,NAmes,Norm,1Fam,1Story,4,5,1950,1950,Gable,BrkFace,Wd Sdng,0.0,,3,Slab,,,,,0,,0,0,0,,Y,FuseA,1040,0,0,1040,0,0,1,0,2,1,,4,7,0,,Detchd,1950.0,1.0,2,420,3.0,3.0,2,0,29,0,0,0,0,0,7,2006,WD,Normal,11.60733523953139,1040,56,20,1081600,0,1081600,176400,16,16,0.0,0.0,4,0.0,0.0,3136
92,20,RL,85.0,8500,3,3,Inside,2,NAmes,Norm,1Fam,1Story,5,3,1961,1961,Hip,HdBoard,HdBoard,203.0,,3,CBlock,,3.0,1.0,3.0,600,1.0,0,635,1235,,Y,SBrkr,1235,0,0,1235,0,0,1,0,2,1,,6,7,0,,Attchd,1961.0,1.0,2,480,3.0,3.0,2,0,0,0,0,0,0,0,12,2006,WD,Abnorml,11.498836682527127,2470,45,15,1525225,1525225,1525225,230400,36,25,0.0,0.0,4,0.0,0.0,2025
93,30,RL,80.0,13360,2,1,Inside,2,Crawfor,Norm,1Fam,1Story,5,7,1921,2006,Gable,Wd Sdng,Wd Sdng,0.0,,4,BrkTil,,3.0,1.0,5.0,713,1.0,0,163,876,,Y,SBrkr,964,0,0,964,1,0,1,0,2,1,,5,7,0,,Detchd,1921.0,1.0,2,432,3.0,3.0,2,0,0,44,0,0,0,0,8,2009,WD,Normal,12.004574385508691,1840,88,35,929296,767376,929296,186624,25,25,0.0,0.0,4,0.0,0.0,7744
94,190,C (all),60.0,7200,3,3,Corner,2,OldTown,Norm,2fmCon,2.5Unf,6,6,1910,1998,Hip,MetalSd,MetalSd,0.0,,3,BrkTil,,2.0,2.0,3.0,1046,1.0,0,168,1214,,N,SBrkr,1260,1031,0,2291,0,1,2,0,4,2,,9,7,1,4.0,Detchd,1900.0,1.0,2,506,3.0,3.0,2,0,0,0,0,99,0,0,11,2007,WD,Normal,11.804855999911272,3505,97,36,5248681,1473796,1587600,256036,81,36,0.0,0.0,4,0.0,0.0,9409
95,60,RL,69.0,9337,2,3,Inside,2,CollgCr,Norm,1Fam,2Story,6,5,1997,1997,Gable,VinylSd,VinylSd,0.0,,4,PConc,,3.0,1.0,6.0,648,1.0,0,176,824,,Y,SBrkr,905,881,0,1786,1,0,2,1,3,1,,7,7,0,,Attchd,1997.0,2.0,2,684,3.0,3.0,2,0,162,0,0,0,0,0,5,2007,WD,Normal,12.229549885708273,2610,10,30,3189796,678976,819025,467856,49,36,0.0,0.0,4,0.0,0.0,100
96,60,RL,68.0,9765,1,3,Corner,2,Gilbert,Norm,1Fam,2Story,6,8,1993,1993,Gable,VinylSd,VinylSd,68.0,,4,PConc,,4.0,1.0,5.0,310,1.0,0,370,680,,Y,SBrkr,680,790,0,1470,0,0,2,1,3,1,,6,7,1,3.0,BuiltIn,1993.0,3.0,2,420,3.0,3.0,2,232,63,0,0,0,0,480,4,2009,WD,Normal,12.128116509451258,2150,16,48,2160900,462400,462400,176400,36,36,0.0,0.0,4,0.0,0.0,256
97,20,RL,78.0,10264,2,3,Inside,2,CollgCr,Norm,1Fam,1Story,7,5,1999,1999,Gable,VinylSd,VinylSd,183.0,,3,PConc,,3.0,3.0,5.0,1162,1.0,0,426,1588,,Y,SBrkr,1588,0,0,1588,0,0,2,0,3,1,,6,7,0,,Attchd,1999.0,2.0,2,472,3.0,3.0,2,158,29,0,0,0,0,0,8,2006,WD,Normal,12.273735966890268,3176,7,35,2521744,2521744,2521744,222784,36,49,0.0,0.0,4,0.0,0.0,49
98,20,RL,73.0,10921,3,1,Inside,2,Edwards,Norm,1Fam,1Story,4,5,1965,1965,Hip,HdBoard,HdBoard,48.0,,3,CBlock,,3.0,1.0,3.0,520,1.0,0,440,960,,Y,FuseF,960,0,0,960,1,0,1,0,3,1,,6,7,0,,Attchd,1965.0,3.0,1,432,3.0,3.0,1,120,0,0,0,0,0,0,5,2007,WD,Normal,11.459007676978688,1920,42,20,921600,921600,921600,186624,36,16,0.0,0.0,1,0.0,0.0,1764
99,30,RL,85.0,10625,3,3,Corner,2,Edwards,Norm,1Fam,1Story,5,5,1920,1950,Gable,Wd Sdng,Wd Sdng,0.0,,3,BrkTil,,3.0,1.0,5.0,108,1.0,0,350,458,,N,SBrkr,835,0,0,835,0,0,1,0,2,1,,5,7,0,,Basment,1920.0,1.0,1,366,2.0,3.0,2,0,0,77,0,0,0,400,5,2010,COD,Abnorml,11.326607934898927,1293,90,25,697225,209764,697225,133956,25,25,0.0,0.0,1,0.0,0.0,8100
100,20,RL,77.0,9320,2,3,Inside,2,NAmes,Norm,1Fam,1Story,4,5,1959,1959,Gable,Plywood,Plywood,0.0,,3,CBlock,,3.0,1.0,5.0,569,1.0,0,381,950,,Y,SBrkr,1225,0,0,1225,1,0,1,1,3,1,,6,7,0,,Missing,1975.0,,0,0,,,2,352,0,0,0,0,0,400,1,2010,WD,Normal,11.767187766223199,2175,51,20,1500625,902500,1500625,0,36,16,0.0,0.0,0,0.0,0.0,2601
